"{1085190}",1A,,1085190,A,B,B,-,A,B,A,A,B,B,B,B,B,B,B,B,A,A,B,B,A,A,B,B,B,A,B,B,B,B,A,B,B,A,B,A,B,A,A,A,A,B,A,B,-,A,-,A,B,-,A,B,A,B,A,B,B,B,B,-,A,A,A,B,A,B,A,A,A,B,A,A,B,B,A,A,A,B,A,B,A,B,A,B,A,B,B,A,A,B,B,A,A,A,A,A,A,A,B,B,A,A,A,A,A,A,A,A,B,B,A,B,B,-,A,B,B,A,B,B,A,B,B,A,A,A,A
"{1285556}",1A,,1285556,A,A,B,-,B,B,A,A,B,B,A,B,B,B,B,B,A,A,B,A,A,A,B,B,B,A,B,B,B,B,A,B,B,A,A,A,A,A,A,A,A,B,-,A,A,A,B,A,B,B,A,B,A,B,A,B,B,A,B,B,A,A,A,-,B,A,B,A,A,B,A,A,B,B,A,A,A,B,A,B,B,B,A,B,B,B,B,A,A,B,B,A,A,A,A,A,A,A,-,B,B,A,B,A,A,A,B,A,B,B,A,B,B,B,A,B,B,A,B,B,A,B,B,A,A,A,A
"{4989480}",1A,,4989480,A,B,B,B,A,B,A,A,B,B,B,B,B,B,B,B,A,A,B,B,A,A,B,B,B,A,B,B,B,B,A,B,B,A,B,A,B,A,A,A,A,B,B,B,-,A,-,A,B,B,A,B,A,B,A,A,B,A,B,B,A,A,A,B,A,B,A,A,A,B,A,A,B,-,A,A,A,B,A,B,A,B,A,B,A,B,B,A,A,B,B,A,A,A,A,A,A,A,B,-,A,B,-,A,A,A,A,A,B,B,A,B,B,B,A,B,B,A,B,B,A,B,B,A,A,A,A
"{1110821}",1A,1669927,1110821,A,B,B,-,A,B,A,A,B,B,B,B,B,B,B,B,A,A,B,A,A,A,B,B,B,A,B,B,B,B,A,B,B,A,B,A,B,A,A,A,A,B,B,B,B,A,-,A,B,B,A,B,A,B,A,B,B,B,B,B,A,A,A,B,A,-,A,A,A,B,A,A,B,-,A,A,A,B,A,B,A,B,A,B,A,B,B,A,A,B,B,A,A,A,A,A,A,A,B,B,A,-,-,A,A,A,A,A,B,B,A,B,B,B,A,B,B,A,B,B,A,B,B,A,A,A,A
"{7350034}",1A,,7350034,A,B,B,B,B,B,A,A,B,-,A,B,B,B,B,B,A,A,B,B,A,A,B,B,B,A,B,B,B,B,A,B,B,A,A,A,B,A,A,A,A,B,A,B,A,A,B,A,B,B,A,B,A,B,A,B,B,-,B,B,A,A,A,B,A,A,A,A,A,B,A,A,B,-,-,A,A,B,A,B,A,B,A,B,A,B,B,A,A,B,B,A,A,A,A,A,A,A,B,-,A,B,-,A,A,A,B,A,B,B,A,A,B,B,A,B,B,A,A,B,A,B,A,A,A,A,A
"{3960868}",1A,,3960868,A,A,B,A,B,B,A,A,B,B,A,B,B,B,B,B,A,A,B,A,A,A,B,B,B,A,B,B,B,B,A,B,B,A,A,A,B,-,B,A,A,B,B,B,A,A,B,A,B,B,A,B,A,B,A,B,B,A,B,B,A,A,A,B,A,A,B,A,A,B,A,A,-,A,-,A,A,B,A,B,A,B,A,B,A,B,B,A,A,B,B,A,A,A,A,A,A,A,B,B,-,B,A,A,A,A,B,A,B,B,A,B,B,B,A,B,B,A,B,B,A,B,B,A,A,A,A
"{1116874}",1A,10224003,1116874,A,A,B,B,B,B,A,A,B,B,A,B,B,B,B,B,A,A,B,A,A,A,B,B,B,A,B,B,B,B,A,B,B,A,A,A,B,A,A,A,A,B,B,A,A,A,B,A,B,B,A,B,A,B,A,B,B,A,B,B,A,A,A,B,B,A,B,-,A,B,A,-,B,B,A,A,A,B,B,B,B,B,-,B,B,B,B,A,A,B,B,A,A,B,A,A,A,A,-,B,B,B,B,A,A,A,B,A,B,B,A,B,B,B,A,B,B,A,B,-,A,B,B,A,A,A,A
"{4543266}",1A,,4543266,A,B,B,-,A,B,A,A,B,B,B,B,B,B,B,B,A,A,B,B,A,A,B,B,B,A,B,B,B,B,A,B,B,A,B,A,B,A,A,A,A,B,A,B,B,A,-,A,B,B,A,B,A,B,A,B,B,B,B,B,A,A,A,B,A,B,A,A,A,B,A,A,B,B,A,A,A,B,A,B,A,B,A,B,A,B,B,A,A,B,B,A,A,A,A,A,A,A,B,B,A,B,B,A,A,A,A,A,B,B,A,B,B,B,A,B,B,A,B,B,A,B,B,A,A,A,A
"{1087876}",1A,497284656,1087876,A,B,B,A,B,A,B,A,A,A,A,A,A,A,A,B,A,A,A,-,B,A,B,B,B,B,B,B,B,B,B,A,B,A,A,-,A,B,B,B,B,B,B,A,B,A,B,A,A,A,A,A,B,B,A,B,B,A,A,A,B,A,A,B,B,B,B,B,A,B,-,B,A,B,A,A,B,A,B,B,A,A,A,A,B,B,B,B,B,A,B,A,A,A,A,B,A,B,A,B,B,B,A,B,A,B,B,A,A,A,A,B,A,-,A,B,A,A,A,-,A,A,B,-,B,A,B
"{4990240, 4404716, 3935791, 4262943}",1A,,4990240,A,A,B,B,B,B,A,A,B,B,A,B,B,B,B,B,A,A,B,A,A,A,B,B,B,A,B,B,B,B,A,B,B,A,A,A,A,A,A,A,A,B,B,B,A,A,B,A,B,B,A,-,A,B,A,B,B,A,B,B,A,A,A,B,A,A,A,A,A,-,A,A,B,-,A,A,A,B,A,B,A,B,A,B,A,B,B,A,A,B,B,A,A,A,A,A,A,A,B,-,A,B,B,A,A,A,B,A,B,B,A,B,B,B,A,B,B,A,B,B,A,B,B,A,A,A,A
"{1257291, 1257291*, 2327700}",1A,7274935,1257291,A,A,B,B,B,B,A,A,B,B,A,B,B,B,B,B,A,A,B,A,A,A,B,B,B,A,B,B,B,B,A,B,B,A,A,A,B,A,A,A,A,B,B,B,A,A,B,A,B,B,A,B,A,B,A,B,B,A,B,B,A,A,A,-,A,A,B,A,A,B,A,A,B,B,A,A,A,B,A,B,A,B,A,B,A,B,B,A,A,B,B,A,A,A,A,A,A,A,B,B,A,B,-,A,A,A,B,A,B,B,A,B,B,B,A,B,B,A,B,B,A,-,-,A,A,A,A
"{4541095}",1A,,4541095,A,B,B,-,A,B,A,A,B,B,B,B,B,B,B,B,A,A,B,B,A,A,B,B,B,A,B,B,B,A,A,B,B,A,B,A,A,A,A,A,A,B,B,B,B,B,A,A,B,B,A,B,A,B,A,B,B,B,B,B,A,A,A,B,A,B,A,A,A,B,A,A,B,-,A,A,A,B,A,B,A,B,A,B,A,B,B,A,A,B,B,A,A,A,A,A,A,A,B,B,B,B,A,A,A,A,A,A,B,B,A,B,B,B,A,B,B,A,B,B,A,B,B,A,A,A,-
"{3532756}",1A,,3532756,A,B,B,A,A,B,A,A,B,B,B,B,B,B,B,B,A,A,B,B,A,A,B,B,B,B,B,B,B,A,A,B,B,A,B,A,B,A,A,A,A,B,B,B,B,A,A,A,B,B,-,B,A,B,A,B,B,B,B,B,-,A,A,B,A,B,A,A,A,B,A,A,B,A,A,A,A,B,A,B,A,B,A,B,A,B,B,A,A,B,B,A,A,A,A,A,A,A,B,B,A,A,A,A,A,A,A,A,B,B,A,B,B,B,-,B,B,A,B,B,A,B,B,A,A,A,A
"{4990529}",1A,,4990529,A,B,-,-,A,B,A,A,A,B,B,B,B,B,B,B,A,A,B,B,A,A,B,B,B,A,B,B,B,-,A,B,B,A,B,A,B,A,A,A,A,B,-,B,B,A,-,A,-,B,A,B,A,B,A,B,B,B,B,B,A,A,A,B,A,B,A,A,A,B,A,A,B,B,A,A,A,B,A,B,A,B,A,B,A,B,B,A,A,B,B,A,A,A,A,A,A,A,B,B,A,B,B,A,A,A,A,A,B,B,A,B,B,B,A,B,B,A,B,B,A,A,A,A,A,A,A
"{3021960}",1A,,3021960,A,B,B,B,B,B,A,A,B,B,A,B,B,B,B,B,A,A,B,B,A,A,B,B,B,A,B,B,B,B,A,B,B,A,A,A,B,A,A,A,A,B,B,B,A,A,B,A,B,B,A,B,A,B,A,A,B,-,B,B,A,A,A,B,A,A,A,A,A,-,A,A,B,B,A,A,A,B,A,B,A,B,A,B,A,B,B,A,A,B,B,A,A,A,A,A,A,A,B,B,A,B,B,A,A,A,A,A,B,B,A,B,B,B,A,-,B,A,-,B,A,B,B,A,A,A,A
"{2374307}",1A,,2374307,A,B,B,B,A,B,A,A,B,B,B,B,B,B,B,B,A,A,B,B,A,A,B,B,B,A,B,B,B,B,A,B,B,A,B,A,B,A,A,A,A,B,B,B,B,A,A,A,B,B,A,B,A,B,A,A,-,B,B,B,A,A,A,B,A,B,A,A,A,B,A,A,B,B,A,A,A,B,A,B,A,B,A,B,A,B,B,A,A,B,B,A,A,A,A,A,A,A,B,B,A,B,B,A,A,A,A,A,B,B,A,B,B,B,A,B,-,A,B,B,A,B,B,A,A,A,A
"{1203934}",1A,492796687,1203934,A,B,B,A,B,A,B,A,A,A,A,A,A,A,A,B,A,A,A,A,B,A,B,B,B,B,B,B,A,B,B,A,B,A,A,-,A,B,B,B,B,B,B,A,-,A,B,A,B,A,A,A,B,B,A,B,-,A,-,A,B,A,A,B,B,B,B,B,A,B,A,B,B,B,A,A,B,B,B,B,-,A,-,A,B,B,B,B,B,A,B,A,A,A,B,B,A,B,A,B,-,B,A,B,B,B,B,A,A,A,A,B,B,B,A,B,A,B,B,A,A,A,B,-,B,B,B
"{5367440}",1A,,5367440,A,A,B,A,B,B,A,A,B,B,A,B,B,B,B,B,A,A,B,A,A,A,B,B,B,A,B,A,B,B,A,B,B,A,A,A,B,A,A,A,A,B,B,-,A,A,B,A,-,B,A,B,A,B,A,B,B,A,B,B,A,A,A,B,A,A,B,A,A,B,A,A,B,A,A,A,A,B,A,B,A,B,-,-,A,B,B,A,A,B,B,A,A,A,A,A,A,A,B,B,A,B,A,A,A,A,B,A,B,B,A,B,A,B,-,B,B,A,B,B,A,B,-,A,-,A,A
"{3032740}",1A,7778825,3032740,A,A,B,-,B,B,A,A,B,B,A,B,B,B,B,B,A,A,B,A,A,A,B,B,B,A,B,B,B,B,A,B,B,A,A,A,B,A,A,A,A,B,B,B,A,A,B,A,B,B,A,B,A,B,A,B,B,A,B,B,A,A,A,B,A,A,B,A,A,B,A,A,B,A,A,A,A,B,A,B,A,B,A,B,A,B,B,A,A,B,B,A,A,A,A,A,A,A,B,B,A,B,A,A,A,A,B,A,B,B,A,B,B,B,-,B,B,A,B,B,A,B,B,A,A,A,A
"{1083062}",1A,11160018,1083062,A,A,A,B,B,B,A,A,B,B,A,B,B,B,B,B,A,A,B,A,A,A,B,B,B,A,B,B,B,B,A,B,B,A,A,A,B,A,A,A,A,-,B,A,A,A,B,A,B,B,A,B,A,B,A,-,B,A,B,B,A,A,A,B,B,A,B,A,A,B,A,A,B,B,A,A,A,B,A,B,B,B,A,B,B,B,B,A,A,B,B,A,A,A,A,A,A,A,-,B,B,B,B,A,A,A,B,A,B,B,A,B,B,B,A,B,-,A,-,B,A,B,B,A,A,A,A
"{1005431*}",1A,7330695,1005431*,A,A,B,A,B,B,A,A,B,B,A,B,B,B,B,B,A,A,B,A,-,A,B,-,B,A,B,B,B,B,A,B,B,A,A,A,B,A,A,A,-,B,B,B,A,A,B,A,B,-,A,B,A,B,-,B,B,A,B,B,-,A,A,B,A,A,B,-,-,B,A,A,B,B,A,A,A,B,A,B,A,B,A,B,A,B,B,A,A,B,B,A,A,A,A,A,A,A,-,B,A,B,-,A,A,A,B,A,B,B,A,B,B,B,A,B,B,A,B,B,A,B,B,A,A,A,A
"{1228422}",1A,1887033,1228422,A,B,B,B,A,B,A,A,B,B,B,B,B,B,B,B,A,A,B,B,A,A,B,B,B,A,B,B,B,B,A,B,B,A,B,A,B,A,A,A,A,-,B,B,B,A,A,A,B,A,A,B,A,B,A,-,-,-,B,B,A,A,A,B,A,B,A,A,A,B,A,A,B,B,A,A,A,B,A,B,A,B,A,B,A,B,B,A,A,B,B,A,A,A,A,A,A,A,B,B,A,-,B,A,A,A,A,A,B,B,A,B,B,-,A,B,B,A,B,B,A,B,-,A,A,A,A
"{4395804}",1A,,4395804,A,B,B,B,A,B,A,A,B,B,B,B,B,B,B,B,A,A,B,B,A,A,B,B,B,A,B,B,B,A,A,B,B,A,B,A,-,A,A,A,A,B,B,B,B,A,A,A,B,B,A,B,A,B,A,B,B,B,B,B,A,A,A,B,A,B,A,A,A,B,A,A,B,B,A,A,A,B,A,B,A,B,A,B,A,B,B,A,A,B,B,A,A,A,A,A,A,A,B,B,A,B,B,A,A,A,A,A,B,B,A,B,B,B,A,B,B,A,B,B,A,B,B,A,A,A,A
"{3958903}",1A,,3958903,A,A,B,B,B,B,A,A,B,B,A,B,B,B,B,B,A,A,B,A,A,A,B,B,-,A,B,B,B,B,A,B,B,A,A,A,B,A,A,A,A,B,B,A,A,A,B,A,B,B,A,-,A,B,A,B,B,A,B,-,A,A,A,B,A,A,B,A,A,B,A,A,-,B,A,A,A,B,-,B,B,B,A,-,B,B,B,A,A,B,B,A,A,A,A,A,A,A,-,B,B,B,B,A,A,A,B,A,B,B,A,B,B,B,A,B,B,A,B,B,A,A,-,A,A,A,A
"{4010074}",1A,,4010074,A,A,B,B,B,B,A,A,B,B,A,B,B,B,B,-,A,A,B,A,A,A,B,A,B,A,B,B,B,B,A,B,B,A,A,A,B,A,A,A,A,B,B,A,A,A,B,A,A,B,A,B,A,B,A,B,B,B,B,B,A,A,A,B,A,A,B,A,A,B,A,A,B,-,A,A,A,B,B,A,B,B,A,B,B,B,B,A,A,B,B,A,A,A,A,A,A,A,B,-,A,A,B,A,A,A,B,A,B,B,A,B,B,B,A,B,B,A,B,B,A,-,-,A,A,A,A
"{989276}",1A,10492563,989276,A,A,B,B,B,B,A,A,B,B,A,B,B,B,B,B,A,A,B,A,A,A,B,B,B,A,B,B,B,B,A,B,B,A,A,A,B,A,A,A,A,B,B,A,A,A,B,A,B,B,A,B,A,B,A,B,B,B,B,B,A,A,A,B,B,B,B,A,A,B,A,A,B,-,A,A,A,B,A,B,B,B,A,B,B,B,B,A,A,B,B,A,A,A,A,A,A,A,B,B,B,B,B,A,A,A,B,A,B,B,A,B,B,B,A,B,B,A,B,B,-,B,B,-,A,A,A
"{1131892, 997691*, 2278338, 1007077*, 7336092}",1A,,1131892,A,A,B,-,B,B,A,A,B,B,A,B,B,B,B,B,A,A,B,A,A,A,B,B,B,A,B,B,B,B,A,B,B,A,A,A,B,A,A,A,A,B,B,A,A,A,B,A,B,B,A,-,A,A,A,B,B,A,B,-,A,A,A,B,A,A,B,A,A,B,A,A,B,B,A,A,A,B,B,B,B,B,A,B,B,B,B,A,A,B,B,A,A,A,A,A,A,A,B,B,B,B,B,A,A,A,B,A,B,B,A,B,B,B,A,B,B,A,B,B,A,B,B,A,A,A,A
"{1129036}",1A,9558929,1129036,A,A,B,-,B,B,A,A,B,B,A,B,B,B,-,B,A,A,B,A,A,A,B,B,B,A,B,B,B,B,A,B,B,A,A,A,B,A,A,A,A,B,-,A,A,A,B,A,B,B,A,B,A,B,A,B,B,A,B,B,A,A,A,-,A,A,B,A,A,B,A,A,B,B,A,A,A,B,A,B,B,B,A,B,B,B,-,A,A,B,B,A,A,A,A,A,A,A,B,B,B,B,B,A,A,A,A,A,B,B,A,B,B,B,A,B,B,A,B,B,A,-,B,A,A,A,A
"{1074925}",1A,,1074925,A,A,B,B,B,B,A,A,B,B,A,B,B,B,B,B,A,A,B,A,A,A,B,B,B,A,B,B,A,B,A,B,B,A,A,A,B,A,A,A,A,B,B,A,A,A,B,A,B,B,A,B,A,B,A,B,B,B,B,B,A,A,A,-,B,A,B,A,A,-,A,A,B,B,A,A,A,B,B,B,B,B,A,B,B,B,B,A,A,-,B,A,A,A,A,A,A,A,B,B,-,B,B,A,A,A,B,A,B,B,A,B,B,B,A,B,B,A,B,B,A,-,B,A,A,A,A
"{2351729}",1A,6500877,2351729,A,A,B,A,B,B,A,A,B,B,A,B,B,B,B,B,A,A,B,A,A,A,B,B,B,A,B,B,B,B,A,B,B,A,A,A,B,A,-,A,A,B,B,B,A,A,B,A,B,B,A,B,A,B,A,B,B,B,B,B,A,A,A,B,A,A,A,A,A,B,A,A,B,A,-,A,A,B,A,B,A,B,A,B,A,B,B,A,A,B,B,A,A,A,B,A,A,A,B,B,-,B,A,A,A,A,B,A,B,B,A,B,B,B,A,B,B,A,B,B,-,B,B,A,A,A,A
"{3958149, 4664017, 1000928*, 1007201*, 3024292, 4004402, 3064386*, 1056555, 1104400, 4536643, 1008537, 1112159, 1121364}",1A,,3958149,A,A,B,B,B,B,A,A,B,B,A,-,B,B,B,B,A,A,B,A,A,A,B,B,B,A,B,B,B,B,A,B,B,A,A,A,B,A,A,A,A,B,A,A,A,A,B,A,B,B,A,B,A,B,A,B,B,A,B,B,A,A,A,B,B,A,B,A,A,B,A,A,B,B,A,A,A,B,-,B,-,B,A,B,B,B,B,A,A,B,B,A,A,A,A,A,A,A,B,B,-,B,B,A,A,A,B,A,B,B,A,B,B,B,A,B,B,A,B,B,A,B,B,A,A,A,A
"{1237287}",1A,,1237287,A,A,B,B,B,B,A,A,B,B,A,B,B,B,B,B,A,A,B,A,A,A,B,B,B,A,B,B,B,B,A,B,B,A,A,A,B,A,A,A,A,B,B,B,A,A,B,A,B,A,A,B,A,A,A,B,B,A,B,B,A,A,A,B,A,A,-,A,A,-,A,A,B,-,A,A,A,B,A,B,A,B,A,B,A,B,B,A,A,B,B,A,A,A,A,A,A,A,B,B,A,B,B,A,A,A,B,A,B,B,A,B,B,B,A,B,B,A,B,B,A,-,B,A,A,A,A
"{5332931}",1A,2185085,5332931,A,B,B,A,A,B,A,A,B,B,B,B,B,B,B,B,A,A,B,B,A,A,B,B,B,A,B,B,B,A,A,B,B,A,B,-,A,A,A,A,A,B,B,B,B,-,A,A,B,B,A,B,B,B,A,B,B,B,B,B,A,A,A,B,B,B,A,A,A,B,-,A,B,-,A,A,A,B,A,B,A,B,A,B,A,B,B,-,A,B,B,A,A,A,A,A,-,A,B,B,A,A,A,A,A,A,A,A,B,B,A,B,B,B,A,B,B,A,B,B,A,B,B,A,A,A,A
"{1106928}",1A,534587481,1106928,A,A,B,-,B,B,A,A,B,B,A,B,B,B,B,B,A,A,B,A,A,A,B,B,B,A,B,B,B,B,A,B,B,A,A,A,B,A,A,A,A,B,B,-,A,A,B,A,B,B,A,-,A,B,A,B,B,B,B,B,A,A,A,B,A,A,A,A,A,B,A,A,B,B,A,A,A,B,A,B,A,B,A,B,A,-,B,A,A,B,B,A,A,A,A,A,A,A,B,B,A,B,B,A,A,A,B,A,B,B,A,B,B,B,A,B,-,A,B,B,A,B,-,A,A,A,A
"{1114742, 4540658}",1A,1887036,1114742,A,B,B,A,A,B,A,A,B,B,B,B,B,B,B,B,A,A,B,B,-,A,B,B,B,A,B,B,B,A,A,B,B,-,B,A,-,A,B,A,A,B,B,B,B,-,A,A,B,B,A,B,A,B,-,B,B,B,B,B,A,A,A,B,A,B,A,A,A,B,A,A,B,A,A,A,A,B,A,B,A,B,A,B,A,B,B,A,A,B,B,A,A,A,A,A,A,A,B,B,A,A,A,A,A,A,A,A,B,B,A,B,B,B,A,B,B,A,B,B,-,B,B,A,A,A,A
"{3533783}",1A,497499116,3533783,A,B,B,A,B,A,B,A,A,A,A,A,A,A,A,B,A,A,A,A,B,A,B,B,B,B,B,B,B,B,B,A,B,A,A,A,A,B,B,B,B,B,B,A,B,-,B,A,-,A,-,A,B,B,A,B,B,A,A,A,B,A,A,B,B,B,B,B,A,B,A,B,A,B,A,A,B,A,B,B,A,A,A,A,B,B,B,B,B,A,B,A,A,A,A,B,A,B,A,B,B,B,A,B,A,B,B,A,A,A,A,B,B,-,A,B,-,A,A,A,A,A,B,A,B,A,B
"{4538720, 1109417}",1A,,4538720,A,-,B,A,B,B,A,A,B,B,A,B,B,B,B,B,A,A,B,A,A,A,B,B,B,A,B,B,B,B,A,B,B,A,A,A,B,A,A,A,A,B,B,B,-,A,B,A,B,B,A,B,A,B,A,B,B,-,B,B,A,A,A,B,A,-,B,A,A,B,A,A,B,A,A,A,A,B,A,B,B,B,A,B,B,B,B,A,A,B,B,A,A,A,A,A,A,A,B,B,-,B,B,A,A,A,B,A,B,B,A,B,B,B,A,B,B,A,B,B,A,B,B,A,A,A,A
"{1077302}",1A,4547033,1077302,A,B,B,A,B,B,A,A,B,B,A,B,B,B,B,B,A,A,B,B,A,A,B,B,B,A,B,B,B,B,A,B,B,A,A,A,B,A,A,A,A,B,B,B,-,A,B,A,B,B,A,B,A,B,A,B,B,B,B,B,A,A,A,B,A,A,A,A,A,B,A,A,B,A,A,A,A,B,A,B,A,B,A,B,A,B,B,A,A,B,B,A,A,A,A,A,-,A,B,B,A,B,A,A,A,A,B,A,B,B,A,B,B,B,A,B,B,A,B,B,A,B,B,A,A,A,A
"{993265}",1A,10483600,993265,A,A,-,B,B,B,A,A,B,B,A,B,B,B,B,B,A,A,B,A,A,A,B,A,B,A,B,B,B,B,A,B,B,A,A,A,B,A,A,A,A,B,B,A,A,A,B,A,B,B,A,-,A,B,A,B,B,A,B,B,A,A,A,B,B,A,B,A,A,B,A,A,B,-,A,A,A,B,-,B,B,B,A,B,B,B,-,A,A,B,B,A,A,A,A,A,A,A,-,B,B,B,B,A,A,A,B,A,B,B,A,B,B,B,A,B,B,A,B,B,A,B,-,A,A,A,A
"{1102623, 3385320, 3023997, 3385278, 1116485}",1A,,3023997,A,A,B,B,B,B,A,A,B,B,A,B,B,B,B,B,A,A,B,A,A,A,B,B,B,A,B,B,B,B,A,B,B,A,A,A,B,A,A,A,A,B,B,A,A,A,B,A,B,B,A,B,A,B,A,B,B,-,B,B,A,A,A,B,B,A,B,A,A,B,A,A,B,-,A,A,A,B,A,B,B,B,A,B,B,B,B,A,A,B,B,A,A,A,A,A,A,A,B,B,A,B,B,A,A,A,B,A,B,B,A,B,B,B,A,B,B,A,B,B,A,B,B,A,A,A,A
"{4405229, 1238454, 1229578, 1047341, 1110610, 1205534, 1118616, 3033029}",1A,,4405229,A,B,B,B,B,B,A,A,B,B,A,B,B,B,B,B,A,A,B,B,A,A,B,B,B,A,B,B,B,B,A,B,B,A,A,A,B,A,A,A,A,B,B,B,A,A,B,A,B,B,A,B,A,B,A,B,B,-,B,B,A,A,A,B,A,A,A,A,A,B,A,A,B,B,A,A,A,B,A,B,A,B,A,B,A,B,B,A,A,B,B,A,A,A,A,A,A,A,B,B,A,B,-,A,A,A,B,A,B,B,A,B,B,B,A,B,B,A,B,B,A,B,B,A,A,A,A
"{1121533}",1A,6776459,1121533,A,A,B,A,B,B,A,A,B,B,A,B,B,B,B,B,A,A,B,A,A,A,B,B,B,A,B,B,B,B,A,B,B,A,A,A,B,A,A,A,A,B,B,B,A,A,B,A,B,B,A,B,-,B,A,B,B,A,B,B,A,A,A,B,A,A,A,A,A,B,A,-,B,A,A,A,A,B,A,B,A,B,A,B,A,B,B,A,A,B,B,A,A,A,A,A,A,-,B,B,A,B,A,A,A,A,B,A,B,B,A,B,B,B,A,B,B,A,B,B,A,B,B,A,A,A,A
"{4394419}",1A,,4394419,A,A,B,-,-,B,A,A,B,B,A,B,B,B,B,-,A,A,B,A,A,A,A,B,-,A,B,B,A,B,A,B,B,A,A,A,B,A,A,A,A,B,A,A,A,A,B,A,A,A,A,B,A,B,A,-,B,A,B,B,A,A,A,B,A,A,B,A,A,-,A,A,A,-,A,A,A,B,A,B,B,B,A,B,B,-,B,A,A,B,B,A,A,A,A,A,A,A,B,A,B,B,B,A,A,A,B,A,B,A,A,B,B,B,A,B,B,A,A,B,A,B,B,A,A,A,A
"{3027396*}",1A,3469176,3027396*,A,B,B,-,B,B,A,A,B,B,B,B,B,B,B,B,A,A,B,B,A,A,B,B,B,A,B,B,B,-,A,B,B,A,A,A,B,-,A,A,A,B,B,B,B,-,B,A,B,B,A,B,A,B,A,-,B,B,B,B,A,A,A,B,A,B,A,A,A,B,A,A,B,-,A,A,A,B,A,B,A,B,A,B,A,B,B,A,A,B,B,A,A,A,A,A,A,A,B,B,-,-,-,A,A,A,A,A,B,B,A,B,B,B,A,B,B,A,B,B,A,B,B,A,A,A,A
"{3944652}",1A,6294507,3944652,A,A,B,B,B,B,A,A,B,A,A,B,B,B,B,B,A,A,B,A,A,A,B,B,B,A,A,B,B,B,A,B,B,A,A,A,B,A,A,A,A,B,B,B,A,A,B,A,B,B,A,B,A,B,A,B,B,A,B,B,A,A,A,B,A,A,A,A,A,B,A,A,B,B,A,A,A,-,A,B,A,B,A,B,A,B,B,A,A,B,B,A,A,A,A,A,A,A,B,B,A,B,-,A,A,A,B,A,B,B,A,B,B,B,A,-,B,A,B,B,A,B,B,A,A,A,A
"{1013527, 5412113*, 5411280, 4394941, 3942105, 4989265}",1A,,5412113*,A,A,B,A,B,B,A,A,B,B,A,B,B,B,A,B,A,A,B,-,A,A,B,B,B,A,B,B,B,B,A,B,B,A,A,A,B,A,A,A,A,B,B,A,A,A,B,A,B,B,A,B,-,B,A,B,B,A,B,B,A,A,A,B,A,-,B,A,A,B,A,A,B,A,A,A,A,B,A,B,B,B,A,B,B,B,B,A,A,B,B,A,A,A,A,A,A,A,B,B,-,B,B,A,A,A,B,A,B,B,A,B,B,B,A,B,B,A,B,B,A,B,B,A,A,A,A
"{7335759}",1A,,7335759,A,B,B,A,A,B,A,A,B,B,B,B,B,B,B,B,A,A,B,B,A,A,B,B,B,A,B,B,B,-,A,A,B,A,B,A,-,A,A,A,A,B,B,B,B,A,A,A,B,B,A,B,A,B,-,B,B,B,B,B,A,A,A,B,A,B,A,A,A,B,A,A,B,A,-,A,A,B,A,B,A,B,A,B,A,B,B,-,A,B,B,A,A,A,A,A,A,A,B,B,A,A,A,A,A,A,A,A,B,B,A,B,B,B,A,B,B,A,B,-,A,B,B,A,A,A,A
"{2266418*, 4990446, 1224449*, 4022614*}",1A,,4990446,A,B,B,-,B,-,A,A,B,B,A,B,B,B,B,B,A,A,B,B,A,A,B,B,B,A,B,B,B,B,A,B,B,A,A,A,B,A,A,A,A,-,B,B,A,A,B,A,B,B,A,B,A,B,A,B,B,B,B,B,A,A,A,B,A,A,-,-,A,B,A,A,B,B,A,A,A,B,A,B,A,B,A,B,A,B,B,A,A,B,B,A,A,A,A,A,-,A,B,B,A,-,-,A,A,A,A,A,B,B,A,B,B,B,A,B,B,-,B,B,A,B,B,-,A,A,A
"{3952253, 3950972}",1A,,3952253,A,A,B,B,B,B,A,A,B,B,A,B,B,B,B,B,A,A,B,A,A,A,B,B,B,A,B,B,B,B,A,B,B,A,A,A,B,A,A,A,A,B,B,B,A,A,B,A,B,B,A,-,A,B,A,B,B,A,B,B,A,A,A,B,A,A,A,A,A,B,A,A,B,B,A,A,A,B,A,B,A,B,A,B,A,B,B,A,A,B,B,A,A,A,A,A,A,A,B,B,A,B,-,A,A,A,B,A,B,B,A,B,B,B,A,B,B,A,B,B,A,B,B,A,A,A,A
"{4411390, 1092630, 1150277, 1090908, 1106451, 4407064, 1040965*, 1026325, 1126995, 1239011, 3533232, 4394804, 1213065, 2261520, 3958152, 1102329, 4541774, 4404414, 4538665}",1A,,4411390,A,B,B,A,A,B,A,A,B,B,B,B,B,B,B,B,A,A,B,B,A,A,B,B,B,A,B,B,B,A,A,B,B,A,B,A,-,A,A,A,A,B,B,B,B,-,A,A,B,B,A,B,A,B,A,B,B,B,B,B,A,A,A,B,A,B,A,A,A,B,A,A,B,-,A,A,A,B,A,B,A,B,A,B,A,B,B,-,A,B,B,A,A,A,A,A,A,A,B,B,A,A,A,A,A,A,A,A,B,B,A,B,B,B,A,B,B,A,B,B,A,B,B,A,A,A,A
"{1082805, 1225224, 1161674, 4261359, 1204785*, 1126005, 4539888, 4537267, 3020869, 1151437}",1A,,1225224,A,A,B,-,B,B,A,A,B,B,A,B,B,B,B,B,A,A,B,A,A,A,B,B,B,A,-,B,B,B,A,B,B,A,A,A,B,A,A,A,A,B,B,B,A,A,B,A,B,B,A,B,A,B,A,-,-,A,B,B,A,A,A,B,A,A,A,A,A,B,A,A,B,B,A,A,A,B,A,B,A,B,A,B,A,B,-,A,A,B,B,A,A,A,A,A,A,A,B,B,A,B,B,A,A,A,B,A,B,B,A,B,B,B,A,B,B,A,B,B,A,B,A,A,A,A,A
"{6031199}",1A,,6031199,A,B,B,A,A,B,-,-,B,B,B,B,B,B,B,B,A,A,B,B,A,A,B,B,B,A,B,B,B,A,A,B,B,A,B,A,A,A,A,A,-,B,B,B,B,A,A,-,B,B,A,B,A,B,B,B,B,B,B,B,A,A,A,B,A,B,A,A,-,B,A,A,B,-,A,A,A,B,A,B,A,B,A,B,A,B,B,A,A,B,B,A,A,A,A,-,A,A,B,B,A,A,A,A,A,A,A,A,B,B,A,B,B,B,A,B,B,A,B,B,A,B,B,-,A,A,A
"{7336092*, 3023749, 3947903*}",1A,,3023749,A,A,B,-,B,B,A,A,B,B,A,B,B,B,-,B,A,A,B,A,A,A,B,B,B,A,B,B,B,B,A,B,B,A,A,A,B,A,A,A,-,B,B,A,A,-,B,A,B,B,A,B,A,B,A,B,B,A,B,B,A,A,A,B,-,A,B,A,-,B,A,A,B,A,A,A,A,B,B,B,B,B,A,B,B,B,B,-,A,B,B,A,A,-,A,A,A,A,B,B,B,B,B,-,A,A,B,A,B,B,A,B,B,B,A,B,B,A,B,B,A,B,B,-,A,-,A
