0,{1085190},1A,,1085190,1,18.22,A,B,B,-,A,B,A,A,B,B,B,B,B,B,B,B,A,A,B,B,A,A,B,B,B,A,B,B,B,B,A,B,B,A,B,A,B,A,A,A,A,B,A,B,-,A,-,A,B,-,A,B,A,B,A,B,B,B,B,-,A,A,A,B,A,B,A,A,A,B,A,A,B,B,A,A,A,B,A,B,A,B,A,B,A,B,B,A,A,B,B,A,A,A,A,A,A,A,B,B,A,A,A,A,A,A,A,A,B,B,A,B,B,-,A,B,B,A,B,B,A,B,B,A,A,A,A
1,{1285556},1A,,1285556,1,6.27,A,A,B,-,B,B,A,A,B,B,A,B,B,B,B,B,A,A,B,A,A,A,B,B,B,A,B,B,B,B,A,B,B,A,A,A,A,A,A,A,A,B,-,A,A,A,B,A,B,B,A,B,A,B,A,B,B,A,B,B,A,A,A,-,B,A,B,A,A,B,A,A,B,B,A,A,A,B,A,B,B,B,A,B,B,B,B,A,A,B,B,A,A,A,A,A,A,A,-,B,B,A,B,A,A,A,B,A,B,B,A,B,B,B,A,B,B,A,B,B,A,B,B,A,A,A,A
2,{4989480},1A,,4989480,1,16.46,A,B,B,B,A,B,A,A,B,B,B,B,B,B,B,B,A,A,B,B,A,A,B,B,B,A,B,B,B,B,A,B,B,A,B,A,B,A,A,A,A,B,B,B,-,A,-,A,B,B,A,B,A,B,A,A,B,A,B,B,A,A,A,B,A,B,A,A,A,B,A,A,B,-,A,A,A,B,A,B,A,B,A,B,A,B,B,A,A,B,B,A,A,A,A,A,A,A,B,-,A,B,-,A,A,A,A,A,B,B,A,B,B,B,A,B,B,A,B,B,A,B,B,A,A,A,A
3,{1110821},1A,1669927.0,1110821,1,16.86,A,B,B,-,A,B,A,A,B,B,B,B,B,B,B,B,A,A,B,A,A,A,B,B,B,A,B,B,B,B,A,B,B,A,B,A,B,A,A,A,A,B,B,B,B,A,-,A,B,B,A,B,A,B,A,B,B,B,B,B,A,A,A,B,A,-,A,A,A,B,A,A,B,-,A,A,A,B,A,B,A,B,A,B,A,B,B,A,A,B,B,A,A,A,A,A,A,A,B,B,A,-,-,A,A,A,A,A,B,B,A,B,B,B,A,B,B,A,B,B,A,B,B,A,A,A,A
4,{7350034},1A,,7350034,1,13.0,A,B,B,B,B,B,A,A,B,-,A,B,B,B,B,B,A,A,B,B,A,A,B,B,B,A,B,B,B,B,A,B,B,A,A,A,B,A,A,A,A,B,A,B,A,A,B,A,B,B,A,B,A,B,A,B,B,-,B,B,A,A,A,B,A,A,A,A,A,B,A,A,B,-,-,A,A,B,A,B,A,B,A,B,A,B,B,A,A,B,B,A,A,A,A,A,A,A,B,-,A,B,-,A,A,A,B,A,B,B,A,A,B,B,A,B,B,A,A,B,A,B,A,A,A,A,A
5,{3960868},1A,,3960868,1,10.36,A,A,B,A,B,B,A,A,B,B,A,B,B,B,B,B,A,A,B,A,A,A,B,B,B,A,B,B,B,B,A,B,B,A,A,A,B,-,B,A,A,B,B,B,A,A,B,A,B,B,A,B,A,B,A,B,B,A,B,B,A,A,A,B,A,A,B,A,A,B,A,A,-,A,-,A,A,B,A,B,A,B,A,B,A,B,B,A,A,B,B,A,A,A,A,A,A,A,B,B,-,B,A,A,A,A,B,A,B,B,A,B,B,B,A,B,B,A,B,B,A,B,B,A,A,A,A
6,{1116874},1A,10224003.0,1116874,1,5.87,A,A,B,B,B,B,A,A,B,B,A,B,B,B,B,B,A,A,B,A,A,A,B,B,B,A,B,B,B,B,A,B,B,A,A,A,B,A,A,A,A,B,B,A,A,A,B,A,B,B,A,B,A,B,A,B,B,A,B,B,A,A,A,B,B,A,B,-,A,B,A,-,B,B,A,A,A,B,B,B,B,B,-,B,B,B,B,A,A,B,B,A,A,B,A,A,A,A,-,B,B,B,B,A,A,A,B,A,B,B,A,B,B,B,A,B,B,A,B,-,A,B,B,A,A,A,A
7,{4543266},1A,,4543266,1,17.27,A,B,B,-,A,B,A,A,B,B,B,B,B,B,B,B,A,A,B,B,A,A,B,B,B,A,B,B,B,B,A,B,B,A,B,A,B,A,A,A,A,B,A,B,B,A,-,A,B,B,A,B,A,B,A,B,B,B,B,B,A,A,A,B,A,B,A,A,A,B,A,A,B,B,A,A,A,B,A,B,A,B,A,B,A,B,B,A,A,B,B,A,A,A,A,A,A,A,B,B,A,B,B,A,A,A,A,A,B,B,A,B,B,B,A,B,B,A,B,B,A,B,B,A,A,A,A
8,{1087876},1A,497284656.0,1087876,2,0.0,A,B,B,A,B,A,B,A,A,A,A,A,A,A,A,B,A,A,A,-,B,A,B,B,B,B,B,B,B,B,B,A,B,A,A,-,A,B,B,B,B,B,B,A,B,A,B,A,A,A,A,A,B,B,A,B,B,A,A,A,B,A,A,B,B,B,B,B,A,B,-,B,A,B,A,A,B,A,B,B,A,A,A,A,B,B,B,B,B,A,B,A,A,A,A,B,A,B,A,B,B,B,A,B,A,B,B,A,A,A,A,B,A,-,A,B,A,A,A,-,A,A,B,-,B,A,B
9,"{4990240, 4404716, 3935791, 4262943}",1A,,4990240,1,8.76,A,A,B,B,B,B,A,A,B,B,A,B,B,B,B,B,A,A,B,A,A,A,B,B,B,A,B,B,B,B,A,B,B,A,A,A,A,A,A,A,A,B,B,B,A,A,B,A,B,B,A,-,A,B,A,B,B,A,B,B,A,A,A,B,A,A,A,A,A,-,A,A,B,-,A,A,A,B,A,B,A,B,A,B,A,B,B,A,A,B,B,A,A,A,A,A,A,A,B,-,A,B,B,A,A,A,B,A,B,B,A,B,B,B,A,B,B,A,B,B,A,B,B,A,A,A,A
10,"{1257291, 1257291*, 2327700}",1A,7274935.0,1257291,1,9.29,A,A,B,B,B,B,A,A,B,B,A,B,B,B,B,B,A,A,B,A,A,A,B,B,B,A,B,B,B,B,A,B,B,A,A,A,B,A,A,A,A,B,B,B,A,A,B,A,B,B,A,B,A,B,A,B,B,A,B,B,A,A,A,-,A,A,B,A,A,B,A,A,B,B,A,A,A,B,A,B,A,B,A,B,A,B,B,A,A,B,B,A,A,A,A,A,A,A,B,B,A,B,-,A,A,A,B,A,B,B,A,B,B,B,A,B,B,A,B,B,A,-,-,A,A,A,A
11,{4541095},1A,,4541095,1,20.22,A,B,B,-,A,B,A,A,B,B,B,B,B,B,B,B,A,A,B,B,A,A,B,B,B,A,B,B,B,A,A,B,B,A,B,A,A,A,A,A,A,B,B,B,B,B,A,A,B,B,A,B,A,B,A,B,B,B,B,B,A,A,A,B,A,B,A,A,A,B,A,A,B,-,A,A,A,B,A,B,A,B,A,B,A,B,B,A,A,B,B,A,A,A,A,A,A,A,B,B,B,B,A,A,A,A,A,A,B,B,A,B,B,B,A,B,B,A,B,B,A,B,B,A,A,A,-
12,{3532756},1A,,3532756,1,19.65,A,B,B,A,A,B,A,A,B,B,B,B,B,B,B,B,A,A,B,B,A,A,B,B,B,B,B,B,B,A,A,B,B,A,B,A,B,A,A,A,A,B,B,B,B,A,A,A,B,B,-,B,A,B,A,B,B,B,B,B,-,A,A,B,A,B,A,A,A,B,A,A,B,A,A,A,A,B,A,B,A,B,A,B,A,B,B,A,A,B,B,A,A,A,A,A,A,A,B,B,A,A,A,A,A,A,A,A,B,B,A,B,B,B,-,B,B,A,B,B,A,B,B,A,A,A,A
13,{4990529},1A,,4990529,1,17.27,A,B,-,-,A,B,A,A,A,B,B,B,B,B,B,B,A,A,B,B,A,A,B,B,B,A,B,B,B,-,A,B,B,A,B,A,B,A,A,A,A,B,-,B,B,A,-,A,-,B,A,B,A,B,A,B,B,B,B,B,A,A,A,B,A,B,A,A,A,B,A,A,B,B,A,A,A,B,A,B,A,B,A,B,A,B,B,A,A,B,B,A,A,A,A,A,A,A,B,B,A,B,B,A,A,A,A,A,B,B,A,B,B,B,A,B,B,A,B,B,A,A,A,A,A,A,A
14,{3021960},1A,,3021960,1,13.99,A,B,B,B,B,B,A,A,B,B,A,B,B,B,B,B,A,A,B,B,A,A,B,B,B,A,B,B,B,B,A,B,B,A,A,A,B,A,A,A,A,B,B,B,A,A,B,A,B,B,A,B,A,B,A,A,B,-,B,B,A,A,A,B,A,A,A,A,A,-,A,A,B,B,A,A,A,B,A,B,A,B,A,B,A,B,B,A,A,B,B,A,A,A,A,A,A,A,B,B,A,B,B,A,A,A,A,A,B,B,A,B,B,B,A,-,B,A,-,B,A,B,B,A,A,A,A
15,{2374307},1A,,2374307,1,16.46,A,B,B,B,A,B,A,A,B,B,B,B,B,B,B,B,A,A,B,B,A,A,B,B,B,A,B,B,B,B,A,B,B,A,B,A,B,A,A,A,A,B,B,B,B,A,A,A,B,B,A,B,A,B,A,A,-,B,B,B,A,A,A,B,A,B,A,A,A,B,A,A,B,B,A,A,A,B,A,B,A,B,A,B,A,B,B,A,A,B,B,A,A,A,A,A,A,A,B,B,A,B,B,A,A,A,A,A,B,B,A,B,B,B,A,B,-,A,B,B,A,B,B,A,A,A,A
16,{1203934},1A,492796687.0,1203934,2,4.2,A,B,B,A,B,A,B,A,A,A,A,A,A,A,A,B,A,A,A,A,B,A,B,B,B,B,B,B,A,B,B,A,B,A,A,-,A,B,B,B,B,B,B,A,-,A,B,A,B,A,A,A,B,B,A,B,-,A,-,A,B,A,A,B,B,B,B,B,A,B,A,B,B,B,A,A,B,B,B,B,-,A,-,A,B,B,B,B,B,A,B,A,A,A,B,B,A,B,A,B,-,B,A,B,B,B,B,A,A,A,A,B,B,B,A,B,A,B,B,A,A,A,B,-,B,B,B
17,{5367440},1A,,5367440,1,10.36,A,A,B,A,B,B,A,A,B,B,A,B,B,B,B,B,A,A,B,A,A,A,B,B,B,A,B,A,B,B,A,B,B,A,A,A,B,A,A,A,A,B,B,-,A,A,B,A,-,B,A,B,A,B,A,B,B,A,B,B,A,A,A,B,A,A,B,A,A,B,A,A,B,A,A,A,A,B,A,B,A,B,-,-,A,B,B,A,A,B,B,A,A,A,A,A,A,A,B,B,A,B,A,A,A,A,B,A,B,B,A,B,A,B,-,B,B,A,B,B,A,B,-,A,-,A,A
18,{3032740},1A,7778825.0,3032740,1,10.36,A,A,B,-,B,B,A,A,B,B,A,B,B,B,B,B,A,A,B,A,A,A,B,B,B,A,B,B,B,B,A,B,B,A,A,A,B,A,A,A,A,B,B,B,A,A,B,A,B,B,A,B,A,B,A,B,B,A,B,B,A,A,A,B,A,A,B,A,A,B,A,A,B,A,A,A,A,B,A,B,A,B,A,B,A,B,B,A,A,B,B,A,A,A,A,A,A,A,B,B,A,B,A,A,A,A,B,A,B,B,A,B,B,B,-,B,B,A,B,B,A,B,B,A,A,A,A
19,{1083062},1A,11160018.0,1083062,1,6.27,A,A,A,B,B,B,A,A,B,B,A,B,B,B,B,B,A,A,B,A,A,A,B,B,B,A,B,B,B,B,A,B,B,A,A,A,B,A,A,A,A,-,B,A,A,A,B,A,B,B,A,B,A,B,A,-,B,A,B,B,A,A,A,B,B,A,B,A,A,B,A,A,B,B,A,A,A,B,A,B,B,B,A,B,B,B,B,A,A,B,B,A,A,A,A,A,A,A,-,B,B,B,B,A,A,A,B,A,B,B,A,B,B,B,A,B,-,A,-,B,A,B,B,A,A,A,A
20,{1005431*},1A,7330695.0,1005431*,1,9.83,A,A,B,A,B,B,A,A,B,B,A,B,B,B,B,B,A,A,B,A,-,A,B,-,B,A,B,B,B,B,A,B,B,A,A,A,B,A,A,A,-,B,B,B,A,A,B,A,B,-,A,B,A,B,-,B,B,A,B,B,-,A,A,B,A,A,B,-,-,B,A,A,B,B,A,A,A,B,A,B,A,B,A,B,A,B,B,A,A,B,B,A,A,A,A,A,A,A,-,B,A,B,-,A,A,A,B,A,B,B,A,B,B,B,A,B,B,A,B,B,A,B,B,A,A,A,A
21,{1228422},1A,1887033.0,1228422,1,16.46,A,B,B,B,A,B,A,A,B,B,B,B,B,B,B,B,A,A,B,B,A,A,B,B,B,A,B,B,B,B,A,B,B,A,B,A,B,A,A,A,A,-,B,B,B,A,A,A,B,A,A,B,A,B,A,-,-,-,B,B,A,A,A,B,A,B,A,A,A,B,A,A,B,B,A,A,A,B,A,B,A,B,A,B,A,B,B,A,A,B,B,A,A,A,A,A,A,A,B,B,A,-,B,A,A,A,A,A,B,B,A,B,B,-,A,B,B,A,B,B,A,B,-,A,A,A,A
22,{4395804},1A,,4395804,1,16.86,A,B,B,B,A,B,A,A,B,B,B,B,B,B,B,B,A,A,B,B,A,A,B,B,B,A,B,B,B,A,A,B,B,A,B,A,-,A,A,A,A,B,B,B,B,A,A,A,B,B,A,B,A,B,A,B,B,B,B,B,A,A,A,B,A,B,A,A,A,B,A,A,B,B,A,A,A,B,A,B,A,B,A,B,A,B,B,A,A,B,B,A,A,A,A,A,A,A,B,B,A,B,B,A,A,A,A,A,B,B,A,B,B,B,A,B,B,A,B,B,A,B,B,A,A,A,A
23,{3958903},1A,,3958903,1,5.47,A,A,B,B,B,B,A,A,B,B,A,B,B,B,B,B,A,A,B,A,A,A,B,B,-,A,B,B,B,B,A,B,B,A,A,A,B,A,A,A,A,B,B,A,A,A,B,A,B,B,A,-,A,B,A,B,B,A,B,-,A,A,A,B,A,A,B,A,A,B,A,A,-,B,A,A,A,B,-,B,B,B,A,-,B,B,B,A,A,B,B,A,A,A,A,A,A,A,-,B,B,B,B,A,A,A,B,A,B,B,A,B,B,B,A,B,B,A,B,B,A,A,-,A,A,A,A
24,{4010074},1A,,4010074,1,5.47,A,A,B,B,B,B,A,A,B,B,A,B,B,B,B,-,A,A,B,A,A,A,B,A,B,A,B,B,B,B,A,B,B,A,A,A,B,A,A,A,A,B,B,A,A,A,B,A,A,B,A,B,A,B,A,B,B,B,B,B,A,A,A,B,A,A,B,A,A,B,A,A,B,-,A,A,A,B,B,A,B,B,A,B,B,B,B,A,A,B,B,A,A,A,A,A,A,A,B,-,A,A,B,A,A,A,B,A,B,B,A,B,B,B,A,B,B,A,B,B,A,-,-,A,A,A,A
25,{989276},1A,10492563.0,989276,1,6.27,A,A,B,B,B,B,A,A,B,B,A,B,B,B,B,B,A,A,B,A,A,A,B,B,B,A,B,B,B,B,A,B,B,A,A,A,B,A,A,A,A,B,B,A,A,A,B,A,B,B,A,B,A,B,A,B,B,B,B,B,A,A,A,B,B,B,B,A,A,B,A,A,B,-,A,A,A,B,A,B,B,B,A,B,B,B,B,A,A,B,B,A,A,A,A,A,A,A,B,B,B,B,B,A,A,A,B,A,B,B,A,B,B,B,A,B,B,A,B,B,-,B,B,-,A,A,A
26,"{1131892, 997691*, 2278338, 1007077*, 7336092}",1A,,1131892,1,5.47,A,A,B,-,B,B,A,A,B,B,A,B,B,B,B,B,A,A,B,A,A,A,B,B,B,A,B,B,B,B,A,B,B,A,A,A,B,A,A,A,A,B,B,A,A,A,B,A,B,B,A,-,A,A,A,B,B,A,B,-,A,A,A,B,A,A,B,A,A,B,A,A,B,B,A,A,A,B,B,B,B,B,A,B,B,B,B,A,A,B,B,A,A,A,A,A,A,A,B,B,B,B,B,A,A,A,B,A,B,B,A,B,B,B,A,B,B,A,B,B,A,B,B,A,A,A,A
27,{1129036},1A,9558929.0,1129036,1,4.01,A,A,B,-,B,B,A,A,B,B,A,B,B,B,-,B,A,A,B,A,A,A,B,B,B,A,B,B,B,B,A,B,B,A,A,A,B,A,A,A,A,B,-,A,A,A,B,A,B,B,A,B,A,B,A,B,B,A,B,B,A,A,A,-,A,A,B,A,A,B,A,A,B,B,A,A,A,B,A,B,B,B,A,B,B,B,-,A,A,B,B,A,A,A,A,A,A,A,B,B,B,B,B,A,A,A,A,A,B,B,A,B,B,B,A,B,B,A,B,B,A,-,B,A,A,A,A
28,{1074925},1A,,1074925,1,5.87,A,A,B,B,B,B,A,A,B,B,A,B,B,B,B,B,A,A,B,A,A,A,B,B,B,A,B,B,A,B,A,B,B,A,A,A,B,A,A,A,A,B,B,A,A,A,B,A,B,B,A,B,A,B,A,B,B,B,B,B,A,A,A,-,B,A,B,A,A,-,A,A,B,B,A,A,A,B,B,B,B,B,A,B,B,B,B,A,A,-,B,A,A,A,A,A,A,A,B,B,-,B,B,A,A,A,B,A,B,B,A,B,B,B,A,B,B,A,B,B,A,-,B,A,A,A,A
29,{2351729},1A,6500877.0,2351729,1,11.17,A,A,B,A,B,B,A,A,B,B,A,B,B,B,B,B,A,A,B,A,A,A,B,B,B,A,B,B,B,B,A,B,B,A,A,A,B,A,-,A,A,B,B,B,A,A,B,A,B,B,A,B,A,B,A,B,B,B,B,B,A,A,A,B,A,A,A,A,A,B,A,A,B,A,-,A,A,B,A,B,A,B,A,B,A,B,B,A,A,B,B,A,A,A,B,A,A,A,B,B,-,B,A,A,A,A,B,A,B,B,A,B,B,B,A,B,B,A,B,B,-,B,B,A,A,A,A
30,"{3958149, 4664017, 1000928*, 1007201*, 3024292, 4004402, 3064386*, 1056555, 1104400, 4536643, 1008537, 1112159, 1121364}",1A,,3958149,1,6.27,A,A,B,B,B,B,A,A,B,B,A,-,B,B,B,B,A,A,B,A,A,A,B,B,B,A,B,B,B,B,A,B,B,A,A,A,B,A,A,A,A,B,A,A,A,A,B,A,B,B,A,B,A,B,A,B,B,A,B,B,A,A,A,B,B,A,B,A,A,B,A,A,B,B,A,A,A,B,-,B,-,B,A,B,B,B,B,A,A,B,B,A,A,A,A,A,A,A,B,B,-,B,B,A,A,A,B,A,B,B,A,B,B,B,A,B,B,A,B,B,A,B,B,A,A,A,A
31,{1237287},1A,,1237287,1,8.76,A,A,B,B,B,B,A,A,B,B,A,B,B,B,B,B,A,A,B,A,A,A,B,B,B,A,B,B,B,B,A,B,B,A,A,A,B,A,A,A,A,B,B,B,A,A,B,A,B,A,A,B,A,A,A,B,B,A,B,B,A,A,A,B,A,A,-,A,A,-,A,A,B,-,A,A,A,B,A,B,A,B,A,B,A,B,B,A,A,B,B,A,A,A,A,A,A,A,B,B,A,B,B,A,A,A,B,A,B,B,A,B,B,B,A,B,B,A,B,B,A,-,B,A,A,A,A
32,{5332931},1A,2185085.0,5332931,1,20.81,A,B,B,A,A,B,A,A,B,B,B,B,B,B,B,B,A,A,B,B,A,A,B,B,B,A,B,B,B,A,A,B,B,A,B,-,A,A,A,A,A,B,B,B,B,-,A,A,B,B,A,B,B,B,A,B,B,B,B,B,A,A,A,B,B,B,A,A,A,B,-,A,B,-,A,A,A,B,A,B,A,B,A,B,A,B,B,-,A,B,B,A,A,A,A,A,-,A,B,B,A,A,A,A,A,A,A,A,B,B,A,B,B,B,A,B,B,A,B,B,A,B,B,A,A,A,A
33,{1106928},1A,534587481.0,1106928,1,8.76,A,A,B,-,B,B,A,A,B,B,A,B,B,B,B,B,A,A,B,A,A,A,B,B,B,A,B,B,B,B,A,B,B,A,A,A,B,A,A,A,A,B,B,-,A,A,B,A,B,B,A,-,A,B,A,B,B,B,B,B,A,A,A,B,A,A,A,A,A,B,A,A,B,B,A,A,A,B,A,B,A,B,A,B,A,-,B,A,A,B,B,A,A,A,A,A,A,A,B,B,A,B,B,A,A,A,B,A,B,B,A,B,B,B,A,B,-,A,B,B,A,B,-,A,A,A,A
34,"{1114742, 4540658}",1A,1887036.0,1114742,1,20.22,A,B,B,A,A,B,A,A,B,B,B,B,B,B,B,B,A,A,B,B,-,A,B,B,B,A,B,B,B,A,A,B,B,-,B,A,-,A,B,A,A,B,B,B,B,-,A,A,B,B,A,B,A,B,-,B,B,B,B,B,A,A,A,B,A,B,A,A,A,B,A,A,B,A,A,A,A,B,A,B,A,B,A,B,A,B,B,A,A,B,B,A,A,A,A,A,A,A,B,B,A,A,A,A,A,A,A,A,B,B,A,B,B,B,A,B,B,A,B,B,-,B,B,A,A,A,A
35,{3533783},1A,497499116.0,3533783,2,0.19,A,B,B,A,B,A,B,A,A,A,A,A,A,A,A,B,A,A,A,A,B,A,B,B,B,B,B,B,B,B,B,A,B,A,A,A,A,B,B,B,B,B,B,A,B,-,B,A,-,A,-,A,B,B,A,B,B,A,A,A,B,A,A,B,B,B,B,B,A,B,A,B,A,B,A,A,B,A,B,B,A,A,A,A,B,B,B,B,B,A,B,A,A,A,A,B,A,B,A,B,B,B,A,B,A,B,B,A,A,A,A,B,B,-,A,B,-,A,A,A,A,A,B,A,B,A,B
36,"{4538720, 1109417}",1A,,4538720,1,4.27,A,-,B,A,B,B,A,A,B,B,A,B,B,B,B,B,A,A,B,A,A,A,B,B,B,A,B,B,B,B,A,B,B,A,A,A,B,A,A,A,A,B,B,B,-,A,B,A,B,B,A,B,A,B,A,B,B,-,B,B,A,A,A,B,A,-,B,A,A,B,A,A,B,A,A,A,A,B,A,B,B,B,A,B,B,B,B,A,A,B,B,A,A,A,A,A,A,A,B,B,-,B,B,A,A,A,B,A,B,B,A,B,B,B,A,B,B,A,B,B,A,B,B,A,A,A,A
37,{1077302},1A,4547033.0,1077302,1,11.99,A,B,B,A,B,B,A,A,B,B,A,B,B,B,B,B,A,A,B,B,A,A,B,B,B,A,B,B,B,B,A,B,B,A,A,A,B,A,A,A,A,B,B,B,-,A,B,A,B,B,A,B,A,B,A,B,B,B,B,B,A,A,A,B,A,A,A,A,A,B,A,A,B,A,A,A,A,B,A,B,A,B,A,B,A,B,B,A,A,B,B,A,A,A,A,A,-,A,B,B,A,B,A,A,A,A,B,A,B,B,A,B,B,B,A,B,B,A,B,B,A,B,B,A,A,A,A
38,{993265},1A,10483600.0,993265,1,5.87,A,A,-,B,B,B,A,A,B,B,A,B,B,B,B,B,A,A,B,A,A,A,B,A,B,A,B,B,B,B,A,B,B,A,A,A,B,A,A,A,A,B,B,A,A,A,B,A,B,B,A,-,A,B,A,B,B,A,B,B,A,A,A,B,B,A,B,A,A,B,A,A,B,-,A,A,A,B,-,B,B,B,A,B,B,B,-,A,A,B,B,A,A,A,A,A,A,A,-,B,B,B,B,A,A,A,B,A,B,B,A,B,B,B,A,B,B,A,B,B,A,B,-,A,A,A,A
39,"{1102623, 3385320, 3023997, 3385278, 1116485}",1A,,3023997,1,6.66,A,A,B,B,B,B,A,A,B,B,A,B,B,B,B,B,A,A,B,A,A,A,B,B,B,A,B,B,B,B,A,B,B,A,A,A,B,A,A,A,A,B,B,A,A,A,B,A,B,B,A,B,A,B,A,B,B,-,B,B,A,A,A,B,B,A,B,A,A,B,A,A,B,-,A,A,A,B,A,B,B,B,A,B,B,B,B,A,A,B,B,A,A,A,A,A,A,A,B,B,A,B,B,A,A,A,B,A,B,B,A,B,B,B,A,B,B,A,B,B,A,B,B,A,A,A,A
40,"{4405229, 1238454, 1229578, 1047341, 1110610, 1205534, 1118616, 3033029}",1A,,4405229,1,13.0,A,B,B,B,B,B,A,A,B,B,A,B,B,B,B,B,A,A,B,B,A,A,B,B,B,A,B,B,B,B,A,B,B,A,A,A,B,A,A,A,A,B,B,B,A,A,B,A,B,B,A,B,A,B,A,B,B,-,B,B,A,A,A,B,A,A,A,A,A,B,A,A,B,B,A,A,A,B,A,B,A,B,A,B,A,B,B,A,A,B,B,A,A,A,A,A,A,A,B,B,A,B,-,A,A,A,B,A,B,B,A,B,B,B,A,B,B,A,B,B,A,B,B,A,A,A,A
41,{1121533},1A,6776459.0,1121533,1,10.76,A,A,B,A,B,B,A,A,B,B,A,B,B,B,B,B,A,A,B,A,A,A,B,B,B,A,B,B,B,B,A,B,B,A,A,A,B,A,A,A,A,B,B,B,A,A,B,A,B,B,A,B,-,B,A,B,B,A,B,B,A,A,A,B,A,A,A,A,A,B,A,-,B,A,A,A,A,B,A,B,A,B,A,B,A,B,B,A,A,B,B,A,A,A,A,A,A,-,B,B,A,B,A,A,A,A,B,A,B,B,A,B,B,B,A,B,B,A,B,B,A,B,B,A,A,A,A
42,{4394419},1A,,4394419,1,0.0,A,A,B,-,-,B,A,A,B,B,A,B,B,B,B,-,A,A,B,A,A,A,A,B,-,A,B,B,A,B,A,B,B,A,A,A,B,A,A,A,A,B,A,A,A,A,B,A,A,A,A,B,A,B,A,-,B,A,B,B,A,A,A,B,A,A,B,A,A,-,A,A,A,-,A,A,A,B,A,B,B,B,A,B,B,-,B,A,A,B,B,A,A,A,A,A,A,A,B,A,B,B,B,A,A,A,B,A,B,A,A,B,B,B,A,B,B,A,A,B,A,B,B,A,A,A,A
43,{3027396*},1A,3469176.0,3027396*,1,15.22,A,B,B,-,B,B,A,A,B,B,B,B,B,B,B,B,A,A,B,B,A,A,B,B,B,A,B,B,B,-,A,B,B,A,A,A,B,-,A,A,A,B,B,B,B,-,B,A,B,B,A,B,A,B,A,-,B,B,B,B,A,A,A,B,A,B,A,A,A,B,A,A,B,-,A,A,A,B,A,B,A,B,A,B,A,B,B,A,A,B,B,A,A,A,A,A,A,A,B,B,-,-,-,A,A,A,A,A,B,B,A,B,B,B,A,B,B,A,B,B,A,B,B,A,A,A,A
44,{3944652},1A,6294507.0,3944652,1,8.76,A,A,B,B,B,B,A,A,B,A,A,B,B,B,B,B,A,A,B,A,A,A,B,B,B,A,A,B,B,B,A,B,B,A,A,A,B,A,A,A,A,B,B,B,A,A,B,A,B,B,A,B,A,B,A,B,B,A,B,B,A,A,A,B,A,A,A,A,A,B,A,A,B,B,A,A,A,-,A,B,A,B,A,B,A,B,B,A,A,B,B,A,A,A,A,A,A,A,B,B,A,B,-,A,A,A,B,A,B,B,A,B,B,B,A,-,B,A,B,B,A,B,B,A,A,A,A
45,"{1013527, 5412113*, 5411280, 4394941, 3942105, 4989265}",1A,,5412113*,1,4.27,A,A,B,A,B,B,A,A,B,B,A,B,B,B,A,B,A,A,B,-,A,A,B,B,B,A,B,B,B,B,A,B,B,A,A,A,B,A,A,A,A,B,B,A,A,A,B,A,B,B,A,B,-,B,A,B,B,A,B,B,A,A,A,B,A,-,B,A,A,B,A,A,B,A,A,A,A,B,A,B,B,B,A,B,B,B,B,A,A,B,B,A,A,A,A,A,A,A,B,B,-,B,B,A,A,A,B,A,B,B,A,B,B,B,A,B,B,A,B,B,A,B,B,A,A,A,A
46,{7335759},1A,,7335759,1,20.06,A,B,B,A,A,B,A,A,B,B,B,B,B,B,B,B,A,A,B,B,A,A,B,B,B,A,B,B,B,-,A,A,B,A,B,A,-,A,A,A,A,B,B,B,B,A,A,A,B,B,A,B,A,B,-,B,B,B,B,B,A,A,A,B,A,B,A,A,A,B,A,A,B,A,-,A,A,B,A,B,A,B,A,B,A,B,B,-,A,B,B,A,A,A,A,A,A,A,B,B,A,A,A,A,A,A,A,A,B,B,A,B,B,B,A,B,B,A,B,-,A,B,B,A,A,A,A
47,"{2266418*, 4990446, 1224449*, 4022614*}",1A,,4990446,1,13.5,A,B,B,-,B,-,A,A,B,B,A,B,B,B,B,B,A,A,B,B,A,A,B,B,B,A,B,B,B,B,A,B,B,A,A,A,B,A,A,A,A,-,B,B,A,A,B,A,B,B,A,B,A,B,A,B,B,B,B,B,A,A,A,B,A,A,-,-,A,B,A,A,B,B,A,A,A,B,A,B,A,B,A,B,A,B,B,A,A,B,B,A,A,A,A,A,-,A,B,B,A,-,-,A,A,A,A,A,B,B,A,B,B,B,A,B,B,-,B,B,A,B,B,-,A,A,A
48,"{3952253, 3950972}",1A,,3952253,1,8.76,A,A,B,B,B,B,A,A,B,B,A,B,B,B,B,B,A,A,B,A,A,A,B,B,B,A,B,B,B,B,A,B,B,A,A,A,B,A,A,A,A,B,B,B,A,A,B,A,B,B,A,-,A,B,A,B,B,A,B,B,A,A,A,B,A,A,A,A,A,B,A,A,B,B,A,A,A,B,A,B,A,B,A,B,A,B,B,A,A,B,B,A,A,A,A,A,A,A,B,B,A,B,-,A,A,A,B,A,B,B,A,B,B,B,A,B,B,A,B,B,A,B,B,A,A,A,A
49,"{4411390, 1092630, 1150277, 1090908, 1106451, 4407064, 1040965*, 1026325, 1126995, 1239011, 3533232, 4394804, 1213065, 2261520, 3958152, 1102329, 4541774, 4404414, 4538665}",1A,,4411390,1,20.22,A,B,B,A,A,B,A,A,B,B,B,B,B,B,B,B,A,A,B,B,A,A,B,B,B,A,B,B,B,A,A,B,B,A,B,A,-,A,A,A,A,B,B,B,B,-,A,A,B,B,A,B,A,B,A,B,B,B,B,B,A,A,A,B,A,B,A,A,A,B,A,A,B,-,A,A,A,B,A,B,A,B,A,B,A,B,B,-,A,B,B,A,A,A,A,A,A,A,B,B,A,A,A,A,A,A,A,A,B,B,A,B,B,B,A,B,B,A,B,B,A,B,B,A,A,A,A
50,"{1082805, 1225224, 1161674, 4261359, 1204785*, 1126005, 4539888, 4537267, 3020869, 1151437}",1A,,1225224,1,8.76,A,A,B,-,B,B,A,A,B,B,A,B,B,B,B,B,A,A,B,A,A,A,B,B,B,A,-,B,B,B,A,B,B,A,A,A,B,A,A,A,A,B,B,B,A,A,B,A,B,B,A,B,A,B,A,-,-,A,B,B,A,A,A,B,A,A,A,A,A,B,A,A,B,B,A,A,A,B,A,B,A,B,A,B,A,B,-,A,A,B,B,A,A,A,A,A,A,A,B,B,A,B,B,A,A,A,B,A,B,B,A,B,B,B,A,B,B,A,B,B,A,B,A,A,A,A,A
51,{6031199},1A,,6031199,1,20.06,A,B,B,A,A,B,-,-,B,B,B,B,B,B,B,B,A,A,B,B,A,A,B,B,B,A,B,B,B,A,A,B,B,A,B,A,A,A,A,A,-,B,B,B,B,A,A,-,B,B,A,B,A,B,B,B,B,B,B,B,A,A,A,B,A,B,A,A,-,B,A,A,B,-,A,A,A,B,A,B,A,B,A,B,A,B,B,A,A,B,B,A,A,A,A,-,A,A,B,B,A,A,A,A,A,A,A,A,B,B,A,B,B,B,A,B,B,A,B,B,A,B,B,-,A,A,A
52,"{7336092*, 3023749, 3947903*}",1A,,3023749,1,4.87,A,A,B,-,B,B,A,A,B,B,A,B,B,B,-,B,A,A,B,A,A,A,B,B,B,A,B,B,B,B,A,B,B,A,A,A,B,A,A,A,-,B,B,A,A,-,B,A,B,B,A,B,A,B,A,B,B,A,B,B,A,A,A,B,-,A,B,A,-,B,A,A,B,A,A,A,A,B,B,B,B,B,A,B,B,B,B,-,A,B,B,A,A,-,A,A,A,A,B,B,B,B,B,-,A,A,B,A,B,B,A,B,B,B,A,B,B,A,B,B,A,B,B,-,A,-,A
