id,{1085190},{1285556},{4989480},{1110821},{7350034},{3960868},{1116874},{4543266},{1087876},"{4990240, 4404716, 3935791, 4262943}","{1257291, 1257291*, 2327700}",{4541095},{3532756},{4990529},{3021960},{2374307},{1203934},{5367440},{3032740},{1083062},{1005431*},{1228422},{4395804},{3958903},{4010074},{989276},"{1131892, 997691*, 2278338, 1007077*, 7336092}",{1129036},{1074925},{2351729},"{3958149, 4664017, 1000928*, 1007201*, 3024292, 4004402, 3064386*, 1056555, 1104400, 4536643, 1008537, 1112159, 1121364}",{1237287},{5332931},{1106928},"{1114742, 4540658}",{3533783},"{4538720, 1109417}",{1077302},{993265},"{1102623, 3385320, 3023997, 3385278, 1116485}","{4405229, 1238454, 1229578, 1047341, 1110610, 1205534, 1118616, 3033029}",{1121533},{4394419},{3027396*},{3944652},"{1013527, 5412113*, 5411280, 4394941, 3942105, 4989265}",{7335759},"{2266418*, 4990446, 1224449*, 4022614*}","{3952253, 3950972}","{4411390, 1092630, 1150277, 1090908, 1106451, 4407064, 1040965*, 1026325, 1126995, 1239011, 3533232, 4394804, 1213065, 2261520, 3958152, 1102329, 4541774, 4404414, 4538665}","{1082805, 1225224, 1161674, 4261359, 1204785*, 1126005, 4539888, 4537267, 3020869, 1151437}",{6031199},"{7336092*, 3023749, 3947903*}"
,1,1,1,1,1,1,1,1,1,1,1,1,1,1,1,1,1,1,1,1,1,1,1,1,1,1,1,1,1,1,1,1,1,1,1,1,1,1,1,1,1,1,1,1,1,1,1,1,1,1,1,1,1
4,A,A,A,A,A,A,A,A,A,A,A,A,A,A,A,A,A,A,A,A,A,A,A,A,A,A,A,A,A,A,A,A,A,A,A,A,A,A,A,A,A,A,A,A,A,A,A,A,A,A,A,A,A
5,B,A,B,B,B,A,A,B,B,A,A,B,B,B,B,B,B,A,A,A,A,B,B,A,A,A,A,A,A,A,A,A,B,A,B,B,-,B,A,A,B,A,A,B,A,A,B,B,A,B,A,B,A
6,B,B,B,B,B,B,B,B,B,B,B,B,B,-,B,B,B,B,B,A,B,B,B,B,B,B,B,B,B,B,B,B,B,B,B,B,B,B,-,B,B,B,B,B,B,B,B,B,B,B,B,B,B
7,-,-,B,-,B,A,B,-,A,B,B,-,A,-,B,B,A,A,-,B,A,B,B,B,B,B,-,-,B,A,B,B,A,-,A,A,A,A,B,B,B,A,-,-,B,A,A,-,B,A,-,A,-
8,A,B,A,A,B,B,B,A,B,B,B,A,A,A,B,A,B,B,B,B,B,A,A,B,B,B,B,B,B,B,B,B,A,B,A,B,B,B,B,B,B,B,-,B,B,B,A,B,B,A,B,A,B
9,B,B,B,B,B,B,B,B,A,B,B,B,B,B,B,B,A,B,B,B,B,B,B,B,B,B,B,B,B,B,B,B,B,B,B,A,B,B,B,B,B,B,B,B,B,B,B,-,B,B,B,B,B
10,A,A,A,A,A,A,A,A,B,A,A,A,A,A,A,A,B,A,A,A,A,A,A,A,A,A,A,A,A,A,A,A,A,A,A,B,A,A,A,A,A,A,A,A,A,A,A,A,A,A,A,-,A
11,A,A,A,A,A,A,A,A,A,A,A,A,A,A,A,A,A,A,A,A,A,A,A,A,A,A,A,A,A,A,A,A,A,A,A,A,A,A,A,A,A,A,A,A,A,A,A,A,A,A,A,-,A
12,B,B,B,B,B,B,B,B,A,B,B,B,B,A,B,B,A,B,B,B,B,B,B,B,B,B,B,B,B,B,B,B,B,B,B,A,B,B,B,B,B,B,B,B,B,B,B,B,B,B,B,B,B
13,B,B,B,B,-,B,B,B,A,B,B,B,B,B,B,B,A,B,B,B,B,B,B,B,B,B,B,B,B,B,B,B,B,B,B,A,B,B,B,B,B,B,B,B,A,B,B,B,B,B,B,B,B
14,B,A,B,B,A,A,A,B,A,A,A,B,B,B,A,B,A,A,A,A,A,B,B,A,A,A,A,A,A,A,A,A,B,A,B,A,A,A,A,A,A,A,A,B,A,A,B,A,A,B,A,B,A
15,B,B,B,B,B,B,B,B,A,B,B,B,B,B,B,B,A,B,B,B,B,B,B,B,B,B,B,B,B,B,-,B,B,B,B,A,B,B,B,B,B,B,B,B,B,B,B,B,B,B,B,B,B
16,B,B,B,B,B,B,B,B,A,B,B,B,B,B,B,B,A,B,B,B,B,B,B,B,B,B,B,B,B,B,B,B,B,B,B,A,B,B,B,B,B,B,B,B,B,B,B,B,B,B,B,B,B
17,B,B,B,B,B,B,B,B,A,B,B,B,B,B,B,B,A,B,B,B,B,B,B,B,B,B,B,B,B,B,B,B,B,B,B,A,B,B,B,B,B,B,B,B,B,B,B,B,B,B,B,B,B
18,B,B,B,B,B,B,B,B,A,B,B,B,B,B,B,B,A,B,B,B,B,B,B,B,B,B,B,-,B,B,B,B,B,B,B,A,B,B,B,B,B,B,B,B,B,A,B,B,B,B,B,B,-
19,B,B,B,B,B,B,B,B,B,B,B,B,B,B,B,B,B,B,B,B,B,B,B,B,-,B,B,B,B,B,B,B,B,B,B,B,B,B,B,B,B,B,-,B,B,B,B,B,B,B,B,B,B
20,A,A,A,A,A,A,A,A,A,A,A,A,A,A,A,A,A,A,A,A,A,A,A,A,A,A,A,A,A,A,A,A,A,A,A,A,A,A,A,A,A,A,A,A,A,A,A,A,A,A,A,A,A
21,A,A,A,A,A,A,A,A,A,A,A,A,A,A,A,A,A,A,A,A,A,A,A,A,A,A,A,A,A,A,A,A,A,A,A,A,A,A,A,A,A,A,A,A,A,A,A,A,A,A,A,A,A
22,B,B,B,B,B,B,B,B,A,B,B,B,B,B,B,B,A,B,B,B,B,B,B,B,B,B,B,B,B,B,B,B,B,B,B,A,B,B,B,B,B,B,B,B,B,B,B,B,B,B,B,B,B
23,B,A,B,A,B,A,A,B,-,A,A,B,B,B,B,B,A,A,A,A,A,B,B,A,A,A,A,A,A,A,A,A,B,A,B,A,A,B,A,A,B,A,A,B,A,-,B,B,A,B,A,B,A
24,A,A,A,A,A,A,A,A,B,A,A,A,A,A,A,A,B,A,A,A,-,A,A,A,A,A,A,A,A,A,A,A,A,A,-,B,A,A,A,A,A,A,A,A,A,A,A,A,A,A,A,A,A
25,A,A,A,A,A,A,A,A,A,A,A,A,A,A,A,A,A,A,A,A,A,A,A,A,A,A,A,A,A,A,A,A,A,A,A,A,A,A,A,A,A,A,A,A,A,A,A,A,A,A,A,A,A
26,B,B,B,B,B,B,B,B,B,B,B,B,B,B,B,B,B,B,B,B,B,B,B,B,B,B,B,B,B,B,B,B,B,B,B,B,B,B,B,B,B,B,A,B,B,B,B,B,B,B,B,B,B
27,B,B,B,B,B,B,B,B,B,B,B,B,B,B,B,B,B,B,B,B,-,B,B,B,A,B,B,B,B,B,B,B,B,B,B,B,B,B,A,B,B,B,B,B,B,B,B,B,B,B,B,B,B
28,B,B,B,B,B,B,B,B,B,B,B,B,B,B,B,B,B,B,B,B,B,B,B,-,B,B,B,B,B,B,B,B,B,B,B,B,B,B,B,B,B,B,-,B,B,B,B,B,B,B,B,B,B
29,A,A,A,A,A,A,A,A,B,A,A,A,B,A,A,A,B,A,A,A,A,A,A,A,A,A,A,A,A,A,A,A,A,A,A,B,A,A,A,A,A,A,A,A,A,A,A,A,A,A,A,A,A
30,B,B,B,B,B,B,B,B,B,B,B,B,B,B,B,B,B,B,B,B,B,B,B,B,B,B,B,B,B,B,B,B,B,B,B,B,B,B,B,B,B,B,B,B,A,B,B,B,B,B,-,B,B
31,B,B,B,B,B,B,B,B,B,B,B,B,B,B,B,B,B,A,B,B,B,B,B,B,B,B,B,B,B,B,B,B,B,B,B,B,B,B,B,B,B,B,B,B,B,B,B,B,B,B,B,B,B
32,B,B,B,B,B,B,B,B,B,B,B,B,B,B,B,B,A,B,B,B,B,B,B,B,B,B,B,B,A,B,B,B,B,B,B,B,B,B,B,B,B,B,A,B,B,B,B,B,B,B,B,B,B
33,B,B,B,B,B,B,B,B,B,B,B,A,A,-,B,B,B,B,B,B,B,B,A,B,B,B,B,B,B,B,B,B,A,B,A,B,B,B,B,B,B,B,B,-,B,B,-,B,B,A,B,A,B
34,A,A,A,A,A,A,A,A,B,A,A,A,A,A,A,A,B,A,A,A,A,A,A,A,A,A,A,A,A,A,A,A,A,A,A,B,A,A,A,A,A,A,A,A,A,A,A,A,A,A,A,A,A
35,B,B,B,B,B,B,B,B,A,B,B,B,B,B,B,B,A,B,B,B,B,B,B,B,B,B,B,B,B,B,B,B,B,B,B,A,B,B,B,B,B,B,B,B,B,B,A,B,B,B,B,B,B
36,B,B,B,B,B,B,B,B,B,B,B,B,B,B,B,B,B,B,B,B,B,B,B,B,B,B,B,B,B,B,B,B,B,B,B,B,B,B,B,B,B,B,B,B,B,B,B,B,B,B,B,B,B
37,A,A,A,A,A,A,A,A,A,A,A,A,A,A,A,A,A,A,A,A,A,A,A,A,A,A,A,A,A,A,A,A,A,A,-,A,A,A,A,A,A,A,A,A,A,A,A,A,A,A,A,A,A
38,B,A,B,B,A,A,A,B,A,A,A,B,B,B,A,B,A,A,A,A,A,B,B,A,A,A,A,A,A,A,A,A,B,A,B,A,A,A,A,A,A,A,A,A,A,A,B,A,A,B,A,B,A
39,A,A,A,A,A,A,A,A,-,A,A,A,A,A,A,A,-,A,A,A,A,A,A,A,A,A,A,A,A,A,A,A,-,A,A,A,A,A,A,A,A,A,A,A,A,A,A,A,A,A,A,A,A
40,B,A,B,B,B,B,B,B,A,A,B,A,B,B,B,B,A,B,B,B,B,B,-,B,B,B,B,B,B,B,B,B,A,B,-,A,B,B,B,B,B,B,B,B,B,B,-,B,B,-,B,A,B
41,A,A,A,A,A,-,A,A,B,A,A,A,A,A,A,A,B,A,A,A,A,A,A,A,A,A,A,A,A,A,A,A,A,A,A,B,A,A,A,A,A,A,A,-,A,A,A,A,A,A,A,A,A
42,A,A,A,A,A,B,A,A,B,A,A,A,A,A,A,A,B,A,A,A,A,A,A,A,A,A,A,A,A,-,A,A,A,A,B,B,A,A,A,A,A,A,A,A,A,A,A,A,A,A,A,A,A
43,A,A,A,A,A,A,A,A,B,A,A,A,A,A,A,A,B,A,A,A,A,A,A,A,A,A,A,A,A,A,A,A,A,A,A,B,A,A,A,A,A,A,A,A,A,A,A,A,A,A,A,A,A
44,A,A,A,A,A,A,A,A,B,A,A,A,A,A,A,A,B,A,A,A,-,A,A,A,A,A,A,A,A,A,A,A,A,A,A,B,A,A,A,A,A,A,A,A,A,A,A,A,A,A,A,-,-
45,B,B,B,B,B,B,B,B,B,B,B,B,B,B,B,B,B,B,B,-,B,-,B,B,B,B,B,B,B,B,B,B,B,B,B,B,B,B,B,B,B,B,B,B,B,B,B,-,B,B,B,B,B
46,A,-,B,B,A,B,B,A,B,B,B,B,B,-,B,B,B,B,B,B,B,B,B,B,B,B,B,-,B,B,A,B,B,B,B,B,B,B,B,B,B,B,A,B,B,B,B,B,B,B,B,B,B
47,B,A,B,B,B,B,A,B,A,B,B,B,B,B,B,B,A,-,B,A,B,B,B,A,A,A,A,A,A,B,A,B,B,-,B,A,B,B,A,A,B,B,A,B,B,A,B,B,B,B,B,B,A
48,-,A,-,B,A,A,A,B,B,A,A,B,B,B,A,B,-,A,A,A,A,B,B,A,A,A,A,A,A,A,A,A,B,A,B,B,-,-,A,A,A,A,A,B,A,A,B,A,A,B,A,B,A
49,A,A,A,A,A,A,A,A,A,A,A,B,A,A,A,A,A,A,A,A,A,A,A,A,A,A,A,A,A,A,A,A,-,A,-,-,A,A,A,A,A,A,A,-,A,A,A,A,A,-,A,A,-
50,-,B,-,-,B,B,B,-,B,B,B,A,A,-,B,A,B,B,B,B,B,A,A,B,B,B,B,B,B,B,B,B,A,B,A,B,B,B,B,B,B,B,B,B,B,B,A,B,B,A,B,A,B
51,A,A,A,A,A,A,A,A,A,A,A,A,A,A,A,A,A,A,A,A,A,A,A,A,A,A,A,A,A,A,A,A,A,A,A,A,A,A,A,A,A,A,A,A,A,A,A,A,A,A,A,-,A
52,B,B,B,B,B,B,B,B,A,B,B,B,B,-,B,B,B,-,B,B,B,B,B,B,A,B,B,B,B,B,B,B,B,B,B,-,B,B,B,B,B,B,A,B,B,B,B,B,B,B,B,B,B
53,-,B,B,B,B,B,B,B,A,B,B,B,B,B,B,B,A,B,B,B,-,A,B,B,B,B,B,B,B,B,B,A,B,B,B,A,B,B,B,B,B,B,A,B,B,B,B,B,B,B,B,B,B
54,A,A,A,A,A,A,A,A,A,A,A,A,-,A,A,A,A,A,A,A,A,A,A,A,A,A,A,A,A,A,A,A,A,A,A,-,A,A,A,A,A,A,A,A,A,A,A,A,A,A,A,A,A
55,B,B,B,B,B,B,B,B,A,-,B,B,B,B,B,B,A,B,B,B,B,B,B,-,B,B,-,B,B,B,B,B,B,-,B,A,B,B,-,B,B,B,B,B,B,B,B,B,-,B,B,B,B
56,A,A,A,A,A,A,A,A,B,A,A,A,A,A,A,A,B,A,A,A,A,A,A,A,A,A,A,A,A,A,A,A,B,A,A,B,A,A,A,A,A,-,A,A,A,-,A,A,A,A,A,A,A
57,B,B,B,B,B,B,B,B,B,B,B,B,B,B,B,B,B,B,B,B,B,B,B,B,B,B,A,B,B,B,B,A,B,B,B,B,B,B,B,B,B,B,B,B,B,B,B,B,B,B,B,B,B
58,A,A,A,A,A,A,A,A,A,A,A,A,A,A,A,A,A,A,A,A,-,A,A,A,A,A,A,A,A,A,A,A,A,A,-,A,A,A,A,A,A,A,A,A,A,A,-,A,A,A,A,B,A
59,B,B,A,B,B,B,B,B,B,B,B,B,B,B,A,A,B,B,B,-,B,-,B,B,B,B,B,B,B,B,B,B,B,B,B,B,B,B,B,B,B,B,-,-,B,B,B,B,B,B,-,B,B
60,B,B,B,B,B,B,B,B,B,B,B,B,B,B,B,-,-,B,B,B,B,-,B,B,B,B,B,B,B,B,B,B,B,B,B,B,B,B,B,B,B,B,B,B,B,B,B,B,B,B,-,B,B
61,B,A,A,B,-,A,A,B,A,A,A,B,B,B,-,B,A,A,A,A,A,-,B,A,B,B,A,A,B,B,A,A,B,B,B,A,-,B,A,-,-,A,A,B,A,A,B,B,A,B,A,B,A
62,B,B,B,B,B,B,B,B,A,B,B,B,B,B,B,B,-,B,B,B,B,B,B,B,B,B,B,B,B,B,B,B,B,B,B,A,B,B,B,B,B,B,B,B,B,B,B,B,B,B,B,B,B
63,-,B,B,B,B,B,B,B,A,B,B,B,B,B,B,B,A,B,B,B,B,B,B,-,B,B,-,B,B,B,B,B,B,B,B,A,B,B,B,B,B,B,B,B,B,B,B,B,B,B,B,B,B
64,A,A,A,A,A,A,A,A,B,A,A,A,-,A,A,A,B,A,A,A,-,A,A,A,A,A,A,A,A,A,A,A,A,A,A,B,A,A,A,A,A,A,A,A,A,A,A,A,A,A,A,A,A
65,A,A,A,A,A,A,A,A,A,A,A,A,A,A,A,A,A,A,A,A,A,A,A,A,A,A,A,A,A,A,A,A,A,A,A,A,A,A,A,A,A,A,A,A,A,A,A,A,A,A,A,A,A
66,A,A,A,A,A,A,A,A,A,A,A,A,A,A,A,A,A,A,A,A,A,A,A,A,A,A,A,A,A,A,A,A,A,A,A,A,A,A,A,A,A,A,A,A,A,A,A,A,A,A,A,A,A
67,B,-,B,B,B,B,B,B,B,B,-,B,B,B,B,B,B,B,B,B,B,B,B,B,B,B,B,-,-,B,B,B,B,B,B,B,B,B,B,B,B,B,B,B,B,B,B,B,B,B,B,B,B
68,A,B,A,A,A,A,B,A,B,A,A,A,A,A,A,A,B,A,A,B,A,A,A,A,A,B,A,A,B,A,B,A,B,A,A,B,A,A,B,B,A,A,A,A,A,A,A,A,A,A,A,A,-
69,B,A,B,-,A,A,A,B,B,A,A,B,B,B,A,B,B,A,A,A,A,B,B,A,A,B,A,A,A,A,A,A,B,A,B,B,-,A,A,A,A,A,A,B,A,-,B,A,A,B,A,B,A
70,A,B,A,A,A,B,B,A,B,A,B,A,A,A,A,A,B,B,B,B,B,A,A,B,B,B,B,B,B,A,B,-,A,A,A,B,B,A,B,B,A,A,B,A,A,B,A,-,A,A,A,A,B
71,A,A,A,A,A,A,-,A,B,A,A,A,A,A,A,A,B,A,A,A,-,A,A,A,A,A,A,A,A,A,A,A,A,A,A,B,A,A,A,A,A,A,A,A,A,A,A,-,A,A,A,A,A
72,A,A,A,A,A,A,A,A,A,A,A,A,A,A,A,A,A,A,A,A,-,A,A,A,A,A,A,A,A,A,A,A,A,A,A,A,A,A,A,A,A,A,A,A,A,A,A,A,A,A,A,-,-
73,B,B,B,B,B,B,B,B,B,-,B,B,B,B,-,B,B,B,B,B,B,B,B,B,B,B,B,B,-,B,B,-,B,B,B,B,B,B,B,B,B,B,-,B,B,B,B,B,B,B,B,B,B
74,A,A,A,A,A,A,A,A,-,A,A,A,A,A,A,A,A,A,A,A,A,A,A,A,A,A,A,A,A,A,A,A,-,A,A,A,A,A,A,A,A,A,A,A,A,A,A,A,A,A,A,A,A
75,A,A,A,A,A,A,-,A,B,A,A,A,A,A,A,A,B,A,A,A,A,A,A,A,A,A,A,A,A,A,A,A,A,A,A,B,A,A,A,A,A,-,A,A,A,A,A,A,A,A,A,A,A
76,B,B,B,B,B,-,B,B,A,B,B,B,B,B,B,B,B,B,B,B,B,B,B,-,B,B,B,B,B,B,B,B,B,B,B,A,B,B,B,B,B,B,A,B,B,B,B,B,B,B,B,B,B
77,B,B,-,-,-,A,B,B,B,-,B,-,A,B,B,B,B,A,A,B,B,B,B,B,-,-,B,B,B,A,B,-,-,B,A,B,A,A,-,-,B,A,-,-,B,A,A,B,B,-,B,-,A
78,A,A,A,A,-,-,A,A,A,A,A,A,A,A,A,A,A,A,A,A,A,A,A,A,A,A,A,A,A,-,A,A,A,A,A,A,A,A,A,A,A,A,A,A,A,A,-,A,A,A,A,A,A
79,A,A,A,A,A,A,A,A,A,A,A,A,A,A,A,A,A,A,A,A,A,A,A,A,A,A,A,A,A,A,A,A,A,A,A,A,A,A,A,A,A,A,A,A,A,A,A,A,A,A,A,A,A
80,A,A,A,A,A,A,A,A,B,A,A,A,A,A,A,A,B,A,A,A,A,A,A,A,A,A,A,A,A,A,A,A,A,A,A,B,A,A,A,A,A,A,A,A,A,A,A,A,A,A,A,A,A
81,B,B,B,B,B,B,B,B,A,B,B,B,B,B,B,B,B,B,B,B,B,B,B,B,B,B,B,B,B,B,B,B,B,B,B,A,B,B,B,B,B,B,B,B,-,B,B,B,B,B,B,B,B
82,A,A,A,A,A,A,B,A,B,A,A,A,A,A,A,A,B,A,A,A,A,A,A,-,B,A,B,A,B,A,-,A,A,A,A,B,A,A,-,A,A,A,A,A,A,A,A,A,A,A,A,A,B
83,B,B,B,B,B,B,B,B,B,B,B,B,B,B,B,B,B,B,B,B,B,B,B,B,A,B,B,B,B,B,B,B,B,B,B,B,B,B,B,B,B,B,B,B,B,B,B,B,B,B,B,B,B
84,A,B,A,A,A,A,B,A,A,A,A,A,A,A,A,A,-,A,A,B,A,A,A,B,B,B,B,B,B,A,-,A,A,A,A,A,B,A,B,B,A,A,B,A,A,B,A,A,A,A,A,A,B
85,B,B,B,B,B,B,B,B,A,B,B,B,B,B,B,B,A,B,B,B,B,B,B,B,B,B,B,B,B,B,B,B,B,B,B,A,B,B,B,B,B,B,B,B,B,B,B,B,B,B,B,B,B
86,A,A,A,A,A,A,-,A,A,A,A,A,A,A,A,A,-,-,A,A,A,A,A,A,A,A,A,A,A,A,A,A,A,A,A,A,A,A,A,A,A,A,A,A,A,A,A,A,A,A,A,A,A
87,B,B,B,B,B,B,B,B,A,B,B,B,B,B,B,B,A,-,B,B,B,B,B,-,B,B,B,B,B,B,B,B,B,B,B,A,B,B,B,B,B,B,B,B,B,B,B,B,B,B,B,B,B
88,A,B,A,A,A,A,B,A,B,A,A,A,A,A,A,A,B,A,A,B,A,A,A,B,B,B,B,B,B,A,B,A,A,A,A,B,B,A,B,B,A,A,B,A,A,B,A,A,A,A,A,A,B
89,B,B,B,B,B,B,B,B,B,B,B,B,B,B,B,B,B,B,B,B,B,B,B,B,B,B,B,B,B,B,B,B,B,-,B,B,B,B,B,B,B,B,-,B,B,B,B,B,B,B,B,B,B
90,B,B,B,B,B,B,B,B,B,B,B,B,B,B,B,B,B,B,B,B,B,B,B,B,B,B,B,-,B,B,B,B,B,B,B,B,B,B,-,B,B,B,B,B,B,B,B,B,B,B,-,B,B
91,A,A,A,A,A,A,A,A,B,A,A,A,A,A,A,A,B,A,A,A,A,A,A,A,A,A,A,A,A,A,A,A,-,A,A,B,A,A,A,A,A,A,A,A,A,A,-,A,A,-,A,A,-
92,A,A,A,A,A,A,A,A,B,A,A,A,A,A,A,A,B,A,A,A,A,A,A,A,A,A,A,A,A,A,A,A,A,A,A,B,A,A,A,A,A,A,A,A,A,A,A,A,A,A,A,A,A
93,B,B,B,B,B,B,B,B,A,B,B,B,B,B,B,B,A,B,B,B,B,B,B,B,B,B,B,B,-,B,B,B,B,B,B,A,B,B,B,B,B,B,B,B,B,B,B,B,B,B,B,B,B
94,B,B,B,B,B,B,B,B,B,B,B,B,B,B,B,B,B,B,B,B,B,B,B,B,B,B,B,B,B,B,B,B,B,B,B,B,B,B,B,B,B,B,B,B,B,B,B,B,B,B,B,B,B
95,A,A,A,A,A,A,A,A,A,A,A,A,A,A,A,A,A,A,A,A,A,A,A,A,A,A,A,A,A,A,A,A,A,A,A,A,A,A,A,A,A,A,A,A,A,A,A,A,A,A,A,A,A
96,A,A,A,A,A,A,A,A,A,A,A,A,A,A,A,A,A,A,A,A,A,A,A,A,A,A,A,A,A,A,A,A,A,A,A,A,A,A,A,A,A,A,A,A,A,A,A,A,A,A,A,A,A
97,A,A,A,A,A,A,B,A,A,A,A,A,A,A,A,A,A,A,A,A,A,A,A,A,A,A,A,A,A,A,A,A,A,A,A,A,A,A,A,A,A,A,A,A,A,A,A,A,A,A,A,A,-
98,A,A,A,A,A,A,A,A,A,A,A,A,A,A,A,A,B,A,A,A,A,A,A,A,A,A,A,A,A,B,A,A,A,A,A,A,A,A,A,A,A,A,A,A,A,A,A,A,A,A,A,A,A
99,A,A,A,A,A,A,A,A,B,A,A,A,A,A,A,A,B,A,A,A,A,A,A,A,A,A,A,A,A,A,A,A,A,A,A,B,A,A,A,A,A,A,A,A,A,A,A,A,A,A,A,-,A
100,A,A,A,A,A,A,A,A,A,A,A,A,A,A,A,A,A,A,A,A,A,A,A,A,A,A,A,A,A,A,A,A,-,A,A,A,A,-,A,A,A,A,A,A,A,A,A,-,A,A,A,A,A
101,A,A,A,A,A,A,A,A,B,A,A,A,A,A,A,A,B,A,A,A,A,A,A,A,A,A,A,A,A,A,A,A,A,A,A,B,A,A,A,A,A,-,A,A,A,A,A,A,A,A,A,A,A
102,B,-,B,B,B,B,-,B,A,B,B,B,B,B,B,B,A,B,B,-,-,B,B,-,B,B,B,B,B,B,B,B,B,B,B,A,B,B,-,B,B,B,B,B,B,B,B,B,B,B,B,B,B
103,B,B,-,B,-,B,B,B,B,-,B,B,B,B,B,B,B,B,B,B,B,B,B,B,-,B,B,B,B,B,B,B,B,B,B,B,B,B,B,B,B,B,A,B,B,B,B,B,B,B,B,B,B
104,A,B,A,A,A,-,B,A,B,A,A,B,A,A,A,A,-,A,A,B,A,A,A,B,A,B,B,B,-,-,-,A,A,A,A,B,-,A,B,A,A,A,B,-,A,-,A,A,A,A,A,A,B
105,A,A,B,-,B,B,B,B,B,B,B,B,A,B,B,B,B,B,B,B,B,-,B,B,A,B,B,B,B,B,B,B,A,B,A,B,B,B,B,B,B,B,B,-,B,B,A,-,B,A,B,A,B
106,A,B,-,-,-,A,B,B,A,B,-,A,A,B,B,B,A,A,A,B,-,B,B,B,B,B,B,B,B,A,B,B,A,B,A,A,B,A,B,B,-,A,B,-,-,B,A,-,-,A,B,A,B
107,A,A,A,A,A,A,A,A,B,A,A,A,A,A,A,A,B,A,A,A,A,A,A,A,A,A,A,A,A,A,A,A,A,A,A,B,A,A,A,A,A,A,A,A,A,A,A,A,A,A,A,A,-
108,A,A,A,A,A,A,A,A,A,A,A,A,A,A,A,A,B,A,A,A,A,A,A,A,A,A,A,A,A,A,A,A,A,A,A,A,A,A,A,A,A,A,A,A,A,A,A,A,A,A,A,A,A
109,A,A,A,A,A,A,A,A,B,A,A,A,A,A,A,A,B,A,A,A,A,A,A,A,A,A,A,A,A,A,A,A,A,A,A,B,A,A,A,A,A,A,A,A,A,A,A,A,A,A,A,A,A
110,A,B,A,A,B,B,B,A,B,B,B,A,A,A,A,A,B,B,B,B,B,A,A,B,B,B,B,A,B,B,B,B,A,B,A,B,B,B,B,B,B,B,B,A,B,B,A,A,B,A,B,A,B
111,A,A,A,A,A,A,A,A,A,A,A,A,A,A,A,A,A,A,A,A,A,A,A,A,A,A,A,A,A,A,A,A,A,A,A,A,A,A,A,A,A,A,A,A,A,A,A,A,A,A,A,A,A
112,B,B,B,B,B,B,B,B,A,B,B,B,B,B,B,B,A,B,B,B,B,B,B,B,B,B,B,B,B,B,B,B,B,B,B,A,B,B,B,B,B,B,B,B,B,B,B,B,B,B,B,B,B
113,B,B,B,B,B,B,B,B,A,B,B,B,B,B,B,B,A,B,B,B,B,B,B,B,B,B,B,B,B,B,B,B,B,B,B,A,B,B,B,B,B,B,A,B,B,B,B,B,B,B,B,B,B
114,A,A,A,A,A,A,A,A,A,A,A,A,A,A,A,A,A,A,A,A,A,A,A,A,A,A,A,A,A,A,A,A,A,A,A,A,A,A,A,A,A,A,A,A,A,A,A,A,A,A,A,A,A
115,B,B,B,B,A,B,B,B,B,B,B,B,B,B,B,B,B,B,B,B,B,B,B,B,B,B,B,B,B,B,B,B,B,B,B,B,B,B,B,B,B,B,B,B,B,B,B,B,B,B,B,B,B
116,B,B,B,B,B,B,B,B,A,B,B,B,B,B,B,B,B,A,B,B,B,B,B,B,B,B,B,B,B,B,B,B,B,B,B,B,B,B,B,B,B,B,B,B,B,B,B,B,B,B,B,B,B
117,-,B,B,B,B,B,B,B,-,B,B,B,B,B,B,B,B,B,B,B,B,-,B,B,B,B,B,B,B,B,B,B,B,B,B,-,B,B,B,B,B,B,B,B,B,B,B,B,B,B,B,B,B
118,A,A,A,A,A,A,A,A,A,A,A,A,-,A,A,A,A,-,-,A,A,A,A,A,A,A,A,A,A,A,A,A,A,A,A,A,A,A,A,A,A,A,A,A,A,A,A,A,A,A,A,A,A
119,B,B,B,B,B,B,B,B,B,B,B,B,B,B,-,B,B,B,B,B,B,B,B,B,B,B,B,B,B,B,B,B,B,B,B,B,B,B,B,B,B,B,B,B,-,B,B,B,B,B,B,B,B
120,B,B,B,B,B,B,B,B,A,B,B,B,B,B,B,-,A,B,B,-,B,B,B,B,B,B,B,B,B,B,B,B,B,-,B,-,B,B,B,B,B,B,B,B,B,B,B,B,B,B,B,B,B
121,A,A,A,A,A,A,A,A,A,A,A,A,A,A,A,A,B,A,A,A,A,A,A,A,A,A,A,A,A,A,A,A,A,A,A,A,A,A,A,A,A,A,A,A,A,A,A,-,A,A,A,A,A
122,B,B,B,B,A,B,B,B,A,B,B,B,B,B,-,B,B,B,B,-,B,B,B,B,B,B,B,B,B,B,B,B,B,B,B,A,B,B,B,B,B,B,A,B,B,B,B,B,B,B,B,B,B
123,B,B,B,B,B,B,-,B,-,B,B,B,B,B,B,B,A,B,B,B,B,B,B,B,B,B,B,B,B,B,B,B,B,B,B,A,B,B,B,B,B,B,B,B,B,B,-,B,B,B,B,B,B
124,A,A,A,A,A,A,A,A,A,A,A,A,A,A,A,A,A,A,A,A,A,A,A,A,A,-,A,A,A,-,A,A,A,A,-,A,A,A,A,A,A,A,A,A,A,A,A,A,A,A,A,A,A
125,B,B,B,B,B,B,B,B,A,B,-,B,B,A,B,B,A,B,B,B,B,B,B,A,-,B,B,-,-,B,B,-,B,B,B,A,B,B,B,B,B,B,B,B,B,B,B,B,B,B,B,B,B
126,B,B,B,B,A,B,B,B,B,B,-,B,B,A,B,B,B,-,B,B,B,-,B,-,-,B,B,B,B,B,B,B,B,-,B,B,B,B,-,B,B,B,B,B,B,B,B,B,B,B,A,B,B
127,A,A,A,A,A,A,A,A,-,A,A,A,A,A,A,A,-,A,A,A,A,A,A,A,A,-,A,A,A,A,A,A,A,A,A,A,A,A,A,A,A,A,A,A,A,A,A,-,A,A,A,-,-
128,A,A,A,A,A,A,A,A,B,A,A,A,A,A,A,A,B,-,A,A,A,A,A,A,A,A,A,A,A,A,A,A,A,A,A,B,A,A,A,A,A,A,A,A,A,A,A,A,A,A,A,A,A
129,A,A,A,A,A,A,A,A,A,A,A,A,A,A,A,A,B,A,A,A,A,A,A,A,A,A,A,A,A,A,A,A,A,A,A,A,A,A,A,A,A,A,A,A,A,A,A,A,A,A,A,A,-
130,A,A,A,A,A,A,A,A,B,A,A,-,A,A,A,A,B,A,A,A,A,A,A,A,A,A,A,A,A,A,A,A,A,A,A,B,A,A,A,A,A,A,A,A,A,A,A,A,A,A,A,A,A
