id,L1A.1,L1A.2,L1A.3,L1A.4,L1A.5,L1A.6,L1A.7,L1A.8,L1A.9,L1A.10,L1A.11,L1A.12,L1A.13,L1A.14,L1A.15,L1A.16,L1A.17,L1A.18,L1A.19,L1A.20,L1A.21,L1A.22,L1A.23,L1A.24,L1A.25,L1A.26,L1A.27,L1A.28,L1A.29,L1A.30,L1A.31,L1A.32,L1A.33,L1A.34,L1A.35,L1A.36,L1A.37,L1A.38,L1A.39,L1A.40,L1A.41,L1A.42,L1A.43,L1A.44,L1A.45,L1A.46,L1A.47,L1A.48,L1A.49,L1A.50
,1A,1A,1A,1A,1A,1A,1A,1A,1A,1A,1A,1A,1A,1A,1A,1A,1A,1A,1A,1A,1A,1A,1A,1A,1A,1A,1A,1A,1A,1A,1A,1A,1A,1A,1A,1A,1A,1A,1A,1A,1A,1A,1A,1A,1A,1A,1A,1A,1A,1A
1,A,-,A,-,-,B,B,B,B,B,B,B,B,B,-,B,B,B,B,B,B,B,B,B,-,B,B,B,B,B,-,B,-,B,-,B,B,-,-,B,-,-,B,B,B,B,-,-,B,-
2,B,A,A,A,A,A,B,B,B,B,B,B,B,B,B,B,B,B,B,B,B,B,B,B,-,B,B,B,B,B,B,B,B,B,B,B,B,B,B,B,B,A,B,B,A,A,B,B,B,B
3,B,B,B,B,B,B,-,B,B,B,-,B,B,B,B,B,B,B,B,B,B,B,B,B,B,B,B,B,B,B,A,B,B,B,B,-,B,B,B,B,A,B,B,B,B,B,-,-,B,B
4,B,B,B,B,B,B,-,B,B,-,B,B,B,A,A,-,A,A,A,A,A,A,-,B,-,A,B,A,B,B,B,-,B,B,B,B,A,B,B,A,B,B,A,B,A,B,B,B,B,B
5,B,B,B,B,B,B,B,B,B,B,-,B,B,B,B,B,B,B,-,B,B,B,B,B,B,B,B,B,B,B,B,B,B,B,B,B,B,B,B,B,B,B,B,B,B,B,B,B,B,B
6,A,A,A,A,A,A,-,-,A,A,A,-,A,A,A,A,A,A,B,-,A,A,B,B,B,B,A,-,A,A,A,B,-,A,A,-,-,A,A,-,A,A,-,A,-,A,A,-,-,-
7,A,A,A,A,A,B,B,B,B,B,B,B,B,B,B,B,B,B,-,B,B,B,B,B,B,B,A,B,A,A,A,A,A,A,A,A,B,A,B,B,A,A,B,A,B,A,A,A,A,A
8,A,A,B,A,A,A,A,A,A,A,A,A,A,A,B,B,B,B,B,B,B,B,B,B,B,B,A,B,B,B,B,A,A,A,A,B,A,A,A,B,B,B,B,A,B,A,B,B,A,A
9,-,A,A,A,A,A,A,A,A,A,A,A,A,A,A,A,A,A,A,A,A,A,A,A,A,A,A,A,A,A,A,A,A,A,A,A,A,A,A,A,A,A,A,A,A,A,A,A,A,A
10,B,B,B,B,B,B,B,B,B,B,B,B,B,A,A,A,A,A,A,A,A,-,A,A,B,B,B,A,B,B,B,B,B,B,B,B,A,B,B,A,B,B,A,B,A,B,B,B,B,B
11,A,A,A,A,A,A,B,B,B,B,B,B,B,-,A,A,B,B,B,B,A,-,B,B,-,A,A,-,-,A,A,A,A,A,A,A,B,A,B,B,A,A,B,A,B,A,A,A,A,A
12,B,B,B,B,B,B,B,B,B,B,B,B,B,B,B,B,B,B,B,B,B,B,B,B,B,B,B,B,B,B,A,B,B,B,B,B,B,B,B,B,A,A,B,B,B,B,B,B,B,B
13,A,A,A,A,A,A,A,A,A,A,A,A,A,A,A,A,A,A,A,A,A,A,A,A,A,A,A,A,A,A,A,A,A,A,A,A,A,A,A,A,A,A,A,A,A,A,A,A,A,A
14,B,A,A,A,A,A,A,A,A,A,A,A,A,A,A,A,A,A,A,A,A,A,A,A,A,A,A,A,A,A,B,A,A,A,A,B,A,A,A,A,B,A,A,A,A,A,A,B,A,A
15,-,B,B,B,B,B,B,B,B,B,-,B,B,B,B,B,B,B,B,B,B,B,B,B,B,B,A,B,A,A,A,A,B,A,A,A,B,A,B,B,A,A,B,A,B,B,A,A,A,A
16,A,A,A,A,A,A,A,A,A,A,A,A,A,A,A,A,A,A,A,A,A,A,A,A,A,B,A,A,A,A,A,A,A,A,A,A,A,A,A,A,A,A,A,A,A,A,A,A,A,A
17,B,B,B,B,B,B,B,B,B,B,B,B,B,B,B,B,B,B,B,B,B,B,B,B,B,B,B,B,B,B,B,B,B,B,B,B,B,B,B,B,B,A,B,B,B,B,B,B,B,B
18,A,A,A,A,A,B,B,B,B,B,B,B,B,B,B,B,B,B,B,B,B,B,-,B,B,B,A,B,A,A,A,A,A,A,A,A,B,A,B,B,A,A,B,A,B,A,A,A,A,A
19,A,B,B,B,B,B,B,B,B,B,B,B,B,B,B,B,B,B,B,B,B,B,B,B,B,B,A,B,A,A,B,A,A,A,A,B,B,A,B,B,B,B,B,A,B,B,A,B,A,A
20,A,A,A,A,A,A,A,A,A,A,A,A,A,A,A,A,A,A,A,A,A,A,A,A,A,A,A,A,A,B,A,A,A,A,A,A,A,A,A,A,A,A,A,A,A,A,A,A,A,A
21,B,B,B,B,B,B,B,B,B,B,B,B,B,B,B,B,B,B,B,B,B,B,B,B,B,B,B,B,B,B,A,B,B,B,B,A,B,B,B,B,A,A,B,B,B,B,B,A,B,B
22,B,A,A,A,A,A,A,A,A,A,A,A,A,A,A,A,A,A,A,A,A,A,A,A,A,A,B,A,B,B,B,B,A,B,B,B,A,B,A,A,B,A,A,B,A,A,B,B,B,B
23,A,-,A,A,A,A,A,-,A,A,A,A,A,A,A,A,A,A,A,A,A,-,-,A,A,A,A,A,A,B,B,A,A,B,B,-,A,A,A,A,B,A,A,A,A,A,B,B,A,A
24,B,B,B,B,B,B,B,B,B,B,B,B,B,B,B,B,B,B,B,B,B,B,B,B,B,B,B,B,B,B,B,A,B,B,B,B,B,B,B,B,B,B,B,B,B,B,B,B,B,B
25,A,A,A,-,A,-,-,A,A,A,A,-,A,A,A,A,B,A,B,B,A,A,A,B,A,-,-,-,A,B,A,A,-,-,B,B,B,A,A,B,A,A,-,-,B,A,A,-,A,A
26,A,A,B,-,B,-,-,A,B,B,B,A,A,B,B,B,B,B,B,B,B,B,B,B,B,B,B,B,A,A,B,B,-,A,B,B,B,B,A,B,B,B,B,-,B,A,A,B,B,-
27,B,B,B,B,B,B,B,B,B,B,B,B,B,B,B,B,B,B,B,B,B,B,B,B,B,B,B,B,B,B,B,B,B,B,B,B,B,B,B,B,B,B,B,B,B,B,B,B,B,B
28,A,A,A,A,A,A,A,A,A,A,A,A,A,A,A,A,A,A,A,A,A,A,A,A,A,A,A,A,A,A,A,A,A,A,A,A,A,A,A,A,A,B,A,A,A,A,A,A,A,A
29,A,A,A,A,A,A,A,A,A,A,A,A,A,A,A,-,A,A,A,A,A,A,A,A,A,A,A,A,A,B,B,A,A,A,A,B,A,A,A,A,B,B,A,A,A,A,B,B,A,A
30,B,B,B,B,B,B,B,B,B,B,B,B,B,B,B,B,B,B,B,B,B,B,B,B,B,B,B,B,B,B,B,B,B,B,B,B,B,B,B,B,B,B,B,B,B,B,B,B,B,B
31,A,A,A,-,-,-,B,B,B,A,-,B,A,A,B,A,B,A,B,B,A,B,B,B,B,B,B,B,A,B,B,A,A,A,B,B,B,A,A,B,B,B,B,A,B,B,B,B,A,A
32,B,B,B,B,B,B,-,A,-,B,-,A,A,A,A,A,-,-,A,B,A,A,-,-,B,A,B,-,B,B,B,B,B,B,B,B,-,B,A,B,B,B,-,B,-,B,B,B,B,B
33,B,B,B,B,B,B,B,B,B,B,A,B,B,B,B,B,B,B,B,B,B,B,B,B,B,B,B,B,B,B,B,B,A,B,B,B,B,B,B,B,B,B,B,B,B,B,B,B,B,B
34,A,A,A,A,A,A,A,A,A,A,A,A,A,A,A,A,A,A,A,A,A,A,B,B,B,B,B,-,A,B,B,A,A,A,B,B,A,A,A,B,B,B,A,A,A,A,B,B,A,A
35,A,A,A,A,B,A,A,A,A,A,A,A,A,A,B,B,B,B,B,B,B,A,A,A,A,A,A,A,A,A,B,A,A,A,A,B,A,A,A,A,B,A,A,A,B,A,A,B,A,A
36,B,B,B,B,B,B,A,A,A,A,A,A,A,A,A,A,A,A,A,A,A,A,A,A,A,A,B,A,B,A,B,B,B,B,B,B,A,B,A,A,B,B,A,B,A,B,A,B,B,B
37,B,B,B,B,B,B,B,B,B,B,B,B,B,B,B,B,B,B,B,B,B,B,B,B,B,B,B,B,B,A,A,B,B,B,B,A,B,B,B,B,A,A,B,B,B,B,A,A,B,B
38,B,A,A,A,A,B,B,B,-,-,B,B,B,B,B,B,-,-,B,B,B,B,B,B,B,B,B,B,B,B,B,B,A,B,B,-,B,B,B,B,B,A,B,-,-,A,B,B,B,B
39,B,B,B,B,B,B,B,B,B,B,A,B,B,B,B,B,B,B,B,B,B,B,B,B,B,B,B,B,B,B,B,B,B,B,B,B,B,B,B,B,B,-,B,B,B,B,B,B,B,B
40,B,B,B,B,B,B,B,B,B,B,B,B,B,B,B,B,B,B,B,B,B,-,A,A,A,-,B,A,B,B,A,B,B,B,B,A,B,B,B,A,A,A,B,B,B,B,B,A,B,B
41,A,A,-,A,A,-,-,-,B,-,A,-,A,A,A,A,-,-,A,-,A,A,A,A,-,A,A,-,A,-,A,A,-,A,-,B,-,A,A,B,-,A,-,-,-,B,A,-,B,A
42,A,-,A,A,A,A,A,A,A,A,A,A,A,A,A,A,A,A,A,A,A,A,A,A,A,A,A,A,A,A,B,A,A,A,A,A,A,A,A,A,B,B,A,A,A,-,A,B,A,A
43,B,B,B,B,B,B,B,B,B,B,B,B,B,B,B,B,B,B,B,B,B,B,-,A,B,B,B,B,B,B,B,B,B,B,B,B,B,B,B,B,B,B,B,B,B,B,B,-,B,B
44,A,A,A,A,A,A,A,-,A,A,A,A,A,A,A,A,A,A,A,A,B,A,A,A,A,A,A,A,A,B,B,A,A,A,A,B,A,A,A,A,B,B,A,A,A,A,B,B,A,A
45,B,B,B,B,B,B,B,B,B,B,B,B,B,-,B,B,B,B,B,B,B,B,B,B,B,B,B,B,B,B,B,-,B,B,B,B,B,B,B,B,B,B,B,B,B,B,B,B,B,B
46,A,A,A,A,A,A,A,A,A,A,A,A,A,B,B,B,B,B,B,B,B,B,B,B,B,B,A,B,A,A,B,A,A,A,A,B,B,B,A,B,B,B,B,A,B,A,A,B,A,A
47,A,A,A,A,A,A,A,A,A,A,A,A,A,A,A,A,A,A,A,A,A,A,A,A,A,A,B,A,A,B,B,A,A,A,B,B,A,A,A,A,B,B,A,A,A,A,B,B,A,B
48,A,A,A,A,A,A,A,A,A,A,A,A,A,A,A,A,A,A,A,A,A,A,A,A,-,-,-,A,A,A,A,A,A,A,B,A,A,A,A,A,A,A,A,A,A,A,A,A,A,A
49,A,A,A,-,A,-,-,-,-,B,A,A,A,A,A,-,B,B,B,B,-,B,B,-,B,B,-,B,A,A,-,B,-,A,A,-,-,A,A,-,A,A,B,-,B,-,B,A,A,A
50,A,-,-,A,A,A,A,-,A,A,A,A,A,B,B,B,B,-,B,-,B,B,B,-,B,B,A,-,A,A,A,A,A,-,A,A,B,A,A,B,A,A,B,A,B,A,-,A,A,A
51,A,-,A,A,A,A,A,A,A,A,A,A,A,A,A,A,A,A,A,A,A,A,A,A,A,A,A,A,A,-,A,A,A,A,A,A,A,A,A,A,A,B,A,A,A,A,A,A,A,-
52,B,B,B,B,B,B,B,B,B,B,B,B,B,B,B,B,B,B,B,B,B,B,B,B,B,B,B,B,B,B,A,B,B,B,B,B,B,B,B,B,A,A,B,B,B,B,B,B,B,B
53,B,B,B,B,B,A,A,A,A,A,A,A,A,A,A,A,A,A,A,A,A,A,A,A,A,A,B,A,B,-,A,B,B,B,B,-,A,B,-,A,-,-,A,B,A,B,A,-,-,B
54,-,A,-,A,A,A,A,A,A,A,A,A,A,A,A,A,A,A,A,A,A,A,A,A,A,A,-,A,A,A,-,B,-,-,-,-,A,B,A,A,-,A,A,-,A,A,A,-,-,A
55,A,A,A,A,A,A,A,A,A,A,A,A,A,A,A,A,A,A,A,A,A,A,-,-,-,A,A,A,A,A,-,A,A,A,-,A,A,A,A,A,A,A,A,A,A,B,A,A,A,A
56,A,A,A,A,A,A,A,A,A,A,A,A,A,A,A,-,A,A,A,A,A,A,A,A,A,A,A,A,A,A,A,A,A,A,A,A,A,A,A,A,A,A,A,A,A,A,A,A,A,A
57,A,A,B,A,A,A,A,A,A,A,A,A,A,A,A,A,A,A,A,A,A,A,A,A,A,A,A,A,A,A,A,A,A,-,A,A,A,A,-,A,A,B,A,A,A,A,A,A,A,A
58,B,B,B,B,B,B,-,B,B,B,B,B,B,B,B,B,B,-,B,B,B,B,B,B,B,B,B,B,B,B,-,B,B,B,B,B,B,B,B,B,-,B,B,B,B,B,-,B,B,B
59,B,B,B,B,B,B,B,-,B,B,B,B,B,B,B,B,B,-,B,B,B,B,B,B,B,B,B,B,B,B,B,B,B,B,B,B,B,B,B,B,B,B,B,B,B,B,B,B,B,B
60,A,A,A,A,A,A,A,A,A,A,A,A,-,A,A,A,A,A,A,A,A,A,A,A,A,A,A,A,A,A,A,A,A,A,A,A,A,A,A,A,A,A,A,A,A,A,A,A,A,A
61,A,-,A,A,A,A,A,A,A,A,A,A,A,A,B,B,B,B,B,B,B,B,-,B,B,B,A,B,B,B,B,A,A,A,A,B,A,A,A,B,B,B,B,A,B,-,B,B,A,B
62,B,B,B,B,B,B,B,B,B,-,B,B,B,B,B,B,-,B,B,B,B,B,B,B,B,B,B,B,B,B,B,B,B,B,B,B,B,B,B,B,B,B,-,B,B,B,B,B,B,B
63,A,A,A,A,A,A,-,A,A,A,A,-,A,A,-,A,A,A,A,A,B,A,A,A,A,B,A,A,A,A,A,B,A,A,A,A,A,A,-,A,A,A,A,A,A,A,A,A,A,A
64,A,A,A,A,A,A,A,-,A,A,A,A,A,A,A,-,A,A,A,A,A,A,A,A,A,-,A,A,A,A,A,A,A,A,A,A,A,A,A,A,A,A,A,A,A,A,A,A,A,A
65,B,B,B,B,B,B,B,B,B,-,B,B,B,B,B,B,B,B,B,B,B,B,B,B,B,B,B,B,B,A,A,B,B,B,B,A,B,B,B,B,A,A,B,B,B,B,A,A,B,B
66,B,B,B,-,B,B,B,B,B,B,B,B,B,B,B,B,B,B,B,B,B,B,B,B,B,B,B,B,B,B,B,B,B,B,B,B,B,B,B,B,B,B,B,B,B,B,B,B,B,B
67,B,B,B,B,B,B,-,B,B,B,B,B,B,B,B,B,B,B,B,B,B,B,B,B,B,B,B,B,B,A,A,B,B,B,B,A,B,B,B,B,A,A,B,B,B,B,B,A,B,B
68,A,A,A,A,A,A,A,A,A,A,A,A,B,A,A,A,A,A,A,A,A,A,A,A,A,A,A,A,A,A,A,A,A,-,A,A,A,A,A,A,A,A,A,A,A,A,A,A,A,A
69,-,A,A,A,A,A,A,A,A,A,A,A,A,B,B,B,B,B,B,B,B,B,B,B,B,B,A,B,A,A,B,A,A,A,A,B,B,-,A,B,B,B,B,A,B,A,A,B,A,A
70,B,B,B,B,B,B,B,B,B,B,-,B,B,B,B,B,B,B,B,B,B,B,B,B,B,B,B,B,B,B,B,A,B,B,B,B,B,B,B,B,B,B,B,B,B,B,B,B,A,B
71,B,B,B,B,B,B,B,B,B,B,B,B,B,B,B,B,-,B,B,B,B,B,-,B,-,B,B,B,B,B,B,B,B,B,B,B,B,B,B,-,B,B,-,B,B,B,B,B,B,B
72,B,B,B,B,B,B,B,B,B,-,B,B,B,B,B,B,B,B,-,B,B,B,B,B,B,B,B,B,B,B,B,B,B,B,B,B,B,B,B,B,B,B,B,B,B,B,B,B,B,B
73,A,A,A,A,A,A,A,A,A,A,A,A,A,A,A,A,A,A,A,A,A,A,A,A,A,A,A,A,A,B,B,A,A,A,A,B,A,A,A,A,B,B,A,A,A,A,A,B,A,A
74,B,B,B,B,B,B,B,B,B,B,B,B,B,B,B,B,B,B,B,B,B,B,B,B,B,B,B,B,B,A,A,-,B,B,B,A,B,B,B,B,A,A,B,B,B,B,B,A,-,B
75,A,A,A,A,A,A,A,A,A,A,A,A,A,A,A,A,A,A,A,A,A,A,A,A,A,A,B,A,A,B,B,A,A,-,B,B,A,-,A,A,B,B,A,A,A,A,B,B,A,A
76,-,B,B,B,B,B,B,B,B,B,-,B,B,B,B,B,B,B,B,B,B,B,B,B,-,B,A,B,A,A,B,-,-,A,-,B,B,B,B,B,B,A,B,-,B,B,-,B,-,A
77,B,B,B,B,B,B,B,B,B,B,B,B,B,B,B,B,B,B,B,B,B,B,B,B,B,B,B,B,B,B,B,-,B,B,B,B,B,B,B,-,B,B,B,B,B,B,B,B,B,B
78,A,B,B,B,B,B,B,B,B,B,B,B,B,B,B,B,B,B,B,B,B,B,B,B,B,B,A,B,A,A,A,A,B,A,A,A,B,-,B,B,A,A,B,A,B,B,A,A,A,A
79,B,A,A,A,A,A,A,A,A,A,A,A,-,A,A,A,A,A,A,A,A,A,A,A,-,A,B,A,B,-,A,B,-,B,B,B,A,B,A,A,-,-,A,B,A,A,-,-,B,B
80,-,A,A,-,A,B,B,B,B,B,B,B,B,B,B,B,B,B,B,B,B,B,-,-,B,B,-,B,-,B,B,B,-,A,B,B,B,A,B,-,B,-,B,-,B,A,B,B,B,A
81,B,A,A,A,A,A,A,-,A,A,A,A,A,A,A,A,A,A,A,A,A,A,A,A,A,A,A,A,A,A,B,A,A,A,A,A,A,A,A,A,B,B,A,A,A,-,A,A,A,A
82,-,A,-,A,A,A,A,A,A,A,A,A,A,A,A,A,A,A,A,A,A,A,A,A,A,A,A,A,A,A,A,A,A,A,A,A,A,A,A,A,A,A,A,A,A,A,A,A,A,A
83,-,A,A,A,A,A,A,A,A,A,A,A,A,B,B,B,B,B,B,B,B,B,B,B,B,B,A,B,A,A,A,A,A,A,A,A,B,A,A,B,A,A,B,A,B,A,A,A,A,A
84,A,A,A,A,A,A,A,A,A,A,A,A,A,A,A,A,A,A,B,B,B,B,B,B,B,B,A,B,A,A,A,A,A,A,A,A,A,A,A,B,A,B,B,A,B,A,A,A,A,A
85,A,A,A,A,A,A,A,A,A,A,A,A,A,A,A,A,A,A,A,A,A,A,A,A,A,A,A,A,A,A,A,A,A,A,A,A,A,A,A,A,A,A,A,A,A,A,A,A,A,A
86,B,B,B,B,B,B,B,B,B,B,B,B,B,B,B,B,B,B,B,B,B,A,A,A,A,A,B,A,B,B,B,B,B,B,B,B,B,B,B,A,B,B,A,B,B,B,B,B,B,B
87,-,B,B,B,-,-,B,A,B,B,B,B,A,A,A,A,A,A,A,A,A,-,A,A,A,A,B,A,-,B,-,B,-,-,B,B,A,-,-,A,-,A,A,-,A,B,-,-,-,-
88,B,B,B,B,B,B,B,B,B,B,B,B,B,B,B,B,B,B,B,B,B,B,B,B,B,B,B,B,B,B,B,B,B,B,B,B,B,B,B,B,B,B,B,B,B,B,B,B,B,B
89,B,B,B,B,B,B,B,B,B,B,B,B,B,B,B,B,B,B,B,B,B,B,B,B,B,B,B,B,B,B,B,B,B,B,B,B,B,B,B,B,B,-,B,B,B,B,B,B,B,B
90,A,B,B,B,B,B,B,B,B,B,B,B,B,B,B,B,B,B,B,B,B,B,B,B,B,B,A,B,A,A,A,A,B,A,A,A,B,A,B,B,A,A,B,A,B,B,A,A,A,A
91,A,A,A,A,A,A,A,A,A,A,A,A,A,B,B,B,B,B,B,B,B,B,B,B,B,B,A,B,A,A,A,A,A,A,A,A,B,A,A,B,A,A,B,A,B,A,A,A,A,A
92,B,A,A,A,A,A,A,A,B,B,B,B,B,B,B,B,B,B,B,B,B,B,B,B,B,B,A,B,B,A,A,A,A,A,A,A,B,-,B,B,A,A,B,A,B,A,A,A,A,A
93,B,B,B,B,B,B,B,B,B,B,B,B,B,A,A,A,A,A,A,A,A,-,A,A,A,A,B,A,B,B,B,B,B,B,B,B,A,B,B,A,B,B,A,B,B,B,B,B,B,B
94,B,B,B,B,B,B,B,B,B,-,B,B,B,B,B,B,B,B,B,B,B,B,B,B,B,B,B,B,B,B,B,B,B,B,B,B,B,B,B,B,B,B,B,B,B,B,B,B,B,B
95,A,A,A,A,A,A,A,A,A,A,A,A,A,A,A,A,A,A,A,A,A,B,B,B,B,B,A,B,A,B,B,A,A,A,A,B,A,B,A,B,B,B,B,A,B,A,B,B,A,A
96,B,B,B,B,B,B,B,B,B,B,B,-,B,B,B,B,B,B,B,B,B,B,B,A,B,B,B,B,B,B,B,A,B,B,B,-,-,B,B,B,B,B,B,B,B,B,B,B,-,B
97,A,A,B,-,A,A,A,-,A,A,-,A,A,A,-,A,A,A,A,A,A,A,A,A,A,A,A,A,A,-,-,-,A,B,A,-,A,A,-,A,-,B,A,A,A,-,B,B,A,A
98,B,B,B,B,B,B,B,B,B,B,B,B,B,B,B,B,B,B,B,B,B,B,B,B,A,A,B,B,B,B,B,B,B,B,B,B,B,B,B,B,B,B,B,B,B,B,B,B,B,B
99,B,B,B,B,B,B,B,B,B,B,B,B,B,B,B,B,B,B,B,B,B,B,B,B,B,B,B,B,B,B,A,B,B,B,B,A,B,B,B,B,A,A,B,B,B,B,B,A,B,B
100,B,B,B,B,B,B,B,B,B,B,B,B,B,B,B,B,B,B,A,B,B,B,B,B,B,A,B,B,B,B,B,B,B,B,B,B,B,B,B,B,B,B,B,B,B,B,B,B,B,B
101,B,B,B,B,B,B,B,B,B,B,B,B,B,B,B,B,B,B,B,B,B,B,B,B,B,B,B,B,B,A,A,B,B,B,B,A,B,B,B,B,A,A,B,B,B,B,A,A,B,B
102,A,A,A,A,A,A,A,A,A,A,A,A,A,-,A,-,B,-,A,-,A,B,B,B,B,B,A,B,A,A,A,A,A,A,A,A,-,A,A,B,A,A,B,A,A,A,A,A,A,A
103,B,B,B,B,B,B,B,B,B,B,B,B,B,A,A,A,A,A,A,A,A,B,B,B,B,B,B,B,B,A,A,B,B,B,B,A,A,B,B,B,A,A,A,B,A,B,A,A,B,B
104,B,B,B,B,B,B,A,A,A,A,A,A,A,A,A,A,A,A,A,A,A,A,A,A,A,A,B,A,B,B,B,B,B,B,B,B,A,B,A,A,B,B,A,B,A,B,B,B,B,B
105,B,B,B,B,B,B,B,-,-,B,B,B,B,B,B,B,B,B,B,B,B,B,B,B,B,B,B,B,B,-,B,B,B,B,B,B,B,B,B,B,B,B,B,B,B,B,B,B,B,B
106,B,B,B,B,B,B,B,B,B,B,B,B,B,B,B,B,B,B,B,B,B,B,B,B,B,B,A,B,B,-,A,B,B,B,A,A,B,B,B,B,A,A,B,B,B,B,A,A,B,B
107,B,-,A,-,A,-,B,-,B,B,B,B,-,B,B,B,B,B,B,B,B,B,B,B,B,B,B,B,B,B,B,B,-,-,B,B,B,-,-,B,B,B,B,B,B,-,B,B,B,A
108,A,A,A,-,B,A,-,-,A,A,A,-,A,A,A,A,B,-,A,-,A,-,A,-,A,A,B,-,-,B,B,A,-,A,-,B,-,-,A,A,B,B,-,A,B,A,B,B,-,-
109,A,A,A,A,A,A,A,A,A,A,A,A,A,A,A,A,A,A,A,A,A,A,A,A,A,A,A,A,B,A,A,A,A,A,A,A,A,A,A,A,A,A,A,A,A,A,A,A,A,A
110,B,B,B,B,B,B,B,B,B,B,B,B,B,A,A,A,A,A,A,A,A,-,B,-,-,A,B,-,B,B,B,-,B,B,B,B,A,B,B,B,B,B,B,B,-,B,B,B,B,B
111,B,B,B,B,B,B,B,B,B,B,B,B,B,B,B,B,B,B,B,B,B,A,B,B,B,B,B,-,B,A,B,-,-,B,B,B,B,B,B,-,B,B,A,B,-,B,B,B,B,B
112,A,A,A,A,A,A,A,A,A,A,A,A,A,A,A,A,A,A,A,A,A,A,A,A,A,A,A,A,A,A,B,A,A,A,A,A,A,A,A,A,B,B,A,A,A,A,A,A,A,A
113,B,B,B,B,B,B,B,B,B,B,B,B,B,B,B,B,B,B,B,B,B,A,A,A,A,A,B,A,B,B,B,B,B,B,B,B,B,B,B,A,B,A,A,B,B,B,B,B,B,B
114,B,B,B,B,B,B,B,B,B,B,B,B,B,B,B,B,B,B,B,B,B,B,B,B,B,B,B,B,B,B,B,B,B,B,B,B,B,B,B,B,B,B,B,B,B,B,B,B,B,B
115,B,B,B,B,B,B,B,B,B,B,B,B,B,A,A,A,A,A,A,A,A,A,A,A,A,A,A,A,B,A,A,B,B,B,A,A,A,B,B,A,A,A,A,B,A,B,A,A,B,B
116,A,A,A,A,A,A,A,A,A,A,A,A,A,B,B,B,B,B,B,B,B,B,B,B,B,B,A,B,A,A,B,A,A,A,A,B,B,A,A,B,B,B,B,A,B,A,A,B,A,A
117,B,B,B,B,B,B,B,B,B,B,B,B,B,B,B,B,B,B,B,B,B,B,B,B,B,B,A,B,B,A,B,B,B,B,A,A,B,B,B,B,B,B,B,B,B,B,A,A,B,B
118,A,A,A,A,A,A,A,A,A,A,A,A,A,B,B,B,B,B,B,B,B,B,B,B,B,B,A,B,A,A,A,A,A,A,A,A,B,A,A,B,A,A,B,A,B,A,A,A,A,A
119,B,B,-,-,B,B,B,B,B,B,B,B,A,B,B,B,B,B,B,B,B,A,A,A,A,A,B,-,B,B,-,B,B,B,B,B,B,B,B,A,-,-,A,B,B,B,B,-,B,B
120,A,A,A,-,A,A,B,B,B,B,B,B,B,B,B,B,B,B,B,B,B,A,A,A,A,A,A,B,A,A,A,A,A,A,A,A,B,A,B,A,A,A,B,A,B,A,A,A,A,A
121,A,A,A,A,A,A,A,A,A,A,A,A,A,A,A,A,A,A,A,A,A,B,B,B,B,B,A,B,A,B,A,A,A,A,A,A,A,A,A,B,A,A,B,A,A,A,A,A,A,A
122,B,B,B,B,B,B,B,B,B,B,B,B,B,B,B,B,B,B,B,B,B,B,A,A,A,A,B,-,B,B,-,B,B,B,B,B,B,B,B,B,B,A,B,B,B,B,B,-,B,B
123,A,A,A,A,B,A,A,A,A,A,A,A,A,B,B,B,B,B,B,B,B,B,B,B,B,B,A,B,A,A,A,A,A,A,A,A,B,A,A,B,-,A,B,A,B,A,A,A,A,A
124,B,B,B,B,B,B,B,B,B,B,B,B,B,A,A,A,A,A,A,A,A,A,A,A,A,A,B,A,B,B,B,B,B,B,B,B,A,B,B,A,B,B,A,B,A,B,B,B,B,B
125,B,B,B,B,B,B,B,B,A,B,B,B,B,B,B,B,B,B,B,B,B,B,B,B,B,B,B,B,B,A,A,B,B,B,B,B,B,B,B,B,B,-,B,-,B,B,B,B,B,B
126,B,B,B,B,B,B,B,-,-,B,B,B,B,B,B,B,B,-,B,B,B,B,B,B,B,B,B,B,B,B,-,B,B,B,B,B,B,B,B,B,-,B,B,B,B,B,B,B,B,B
127,A,-,A,-,A,-,B,B,B,B,B,B,B,B,-,B,B,B,B,B,B,A,-,B,B,-,-,-,B,-,A,-,-,A,-,A,B,-,B,B,A,A,B,-,B,A,A,A,-,-
128,A,A,A,A,A,A,A,A,A,A,A,A,A,A,A,A,A,A,A,A,A,B,B,B,B,B,A,B,-,A,A,A,A,A,A,A,A,A,A,B,A,A,A,A,A,A,-,A,A,-
129,B,A,A,A,A,A,A,-,A,A,A,A,A,A,A,A,A,A,A,A,A,A,A,A,A,A,B,A,B,B,B,B,B,B,B,B,A,B,A,A,B,B,A,B,A,A,B,B,B,B
130,A,-,A,A,A,A,A,A,A,A,A,A,-,A,A,-,A,A,A,A,A,A,A,A,A,A,A,A,A,A,A,A,A,-,A,A,A,A,A,A,A,A,A,A,A,A,A,A,A,B
131,A,A,A,A,A,A,A,A,A,A,A,A,A,B,B,B,B,B,B,B,B,B,B,B,B,B,A,B,A,A,A,A,A,A,A,A,B,A,A,B,A,A,B,A,B,A,A,A,A,A
132,B,-,-,-,B,-,B,-,B,-,B,-,B,B,-,B,B,B,-,B,B,B,B,B,-,B,B,B,B,A,B,B,B,B,-,B,B,B,B,B,B,-,B,B,B,-,-,-,A,B
133,A,B,B,B,B,B,B,B,B,B,B,B,B,A,A,A,-,-,B,-,B,A,-,A,A,A,A,A,A,A,A,A,-,A,-,A,-,A,B,A,A,A,-,A,-,B,A,A,A,A
134,A,A,A,-,A,-,A,A,-,-,A,-,A,A,A,-,-,B,A,-,A,A,-,-,-,A,A,-,A,A,A,B,-,A,-,A,-,A,A,A,A,-,B,A,-,A,-,A,B,A
135,A,-,A,A,A,A,A,A,A,A,A,A,A,A,A,A,A,A,A,A,A,A,A,A,A,A,A,A,A,A,A,A,A,A,A,A,A,A,A,A,A,A,A,A,A,A,A,A,A,A
136,A,A,A,A,A,A,A,A,A,A,A,A,A,A,A,A,A,A,A,A,A,A,A,A,A,-,A,A,A,A,A,A,A,A,A,B,A,A,A,A,A,A,A,A,A,-,A,B,A,A
137,A,A,B,B,-,B,B,B,B,B,B,-,A,A,-,-,-,-,-,-,B,A,-,B,-,B,-,B,B,A,A,B,B,-,-,-,B,-,B,A,A,-,-,A,-,B,B,-,B,A
138,A,-,A,A,-,A,A,-,A,A,A,A,A,A,A,A,A,A,A,A,A,A,A,A,A,A,A,A,B,A,-,A,A,A,A,A,A,A,A,A,A,A,A,A,A,A,A,A,A,A
139,A,A,-,A,A,A,A,-,A,A,A,A,A,A,-,A,A,A,A,A,A,A,A,A,A,A,A,A,-,A,A,A,A,A,A,A,A,A,A,A,A,A,A,A,A,A,A,A,A,A
140,A,A,-,A,A,A,A,A,A,A,A,A,A,-,A,-,A,A,A,A,A,A,A,A,A,A,A,A,A,A,B,A,A,-,A,A,A,A,A,A,B,B,A,-,A,A,A,B,A,A
141,A,A,A,A,A,A,A,-,A,A,A,A,B,A,A,A,A,A,A,A,A,A,A,A,A,-,A,A,A,A,B,A,A,A,A,B,A,A,A,A,B,B,A,A,A,-,B,B,A,-
142,A,A,A,A,A,A,A,-,A,A,A,A,A,A,A,A,A,A,A,A,A,B,B,B,B,B,A,B,A,A,A,A,A,A,A,A,A,A,A,B,A,-,A,A,A,A,A,A,A,A
143,B,B,B,B,B,B,B,B,B,B,B,B,B,B,B,B,B,B,B,B,B,B,B,B,B,B,B,B,B,A,B,B,B,B,B,B,-,B,B,-,B,B,B,B,B,B,B,B,B,B
144,B,A,A,A,A,A,A,A,A,A,A,A,A,A,A,A,A,A,A,A,A,A,A,A,A,A,A,A,B,A,A,B,A,B,A,A,A,B,A,A,A,A,A,B,A,A,A,A,B,B
145,B,B,B,B,B,B,B,B,-,-,B,B,B,B,B,B,B,B,B,B,B,B,B,B,B,B,B,B,B,-,B,B,B,B,B,B,-,B,B,-,B,B,-,B,B,B,B,B,B,B
